gadm1	area_sqkm
TON.1_1	78.73467380386829
WSM.9_1	292.34565252178476
CHE.1_1	1424.7802865219974
GBR.3_1	225.2744560759802
NGA.1_1	4705.4055613305345
UGA.28_1	2214.747306675345
GEO.1_1	8637.795280831333
PHL.1_1	3952.967340087798
AZE.1_1	1961.193933090231
ARE.1_1	59354.34961169619
YEM.2_1	17046.875499178914
IDN.1_1	55919.15582735409
BHS.1_1	507.11318474405334
SMR.9_1	7.376208006392479
BRA.1_1	153862.76477910392
OMN.1_1	31478.579178999895
EGY.1_1	3622.242891150595
QAT.4_1	119.55475530557632
CMR.1_1	61895.46610671354
NGA.2_1	33614.57882620985
YEM.1_1	548.1131120147152
TUR.1_1	15351.939168201177
LVA.3_1	159.69593558785533
ETH.1_1	550.8964052093637
TUR.2_1	7170.9024861848675
UGA.1_1	3070.5706033144106
DZA.1_1	475789.9878816199
MRT.1_1	222379.6165974347
RUS.1_1	8005.590344945966
MKD.12_1	21.232327221676826
ETH.2_1	94139.82427928914
TUR.3_1	14758.381494128167
NER.1_1	622215.5509032806
UGA.49_1	3098.274773385345
MUS.1_1	14.022009920825623
AZE.2_1	1838.9910318389664
AZE.10_1	1067.5782860351676
LVA.2_1	442.607333860199
CIV.7_1	9143.658032526897
TUR.4_1	10013.658813838936
ITA.15_1	3003.8701863739416
AZE.4_1	1354.840842226667
AZE.3_1	1078.2002681936588
MEX.1_1	5547.9504963886675
PHL.2_1	2308.0884953115074
PHL.3_1	7667.356275384852
TKM.1_1	100509.73520938081
SLV.1_1	1226.402749024332
JPN.1_1	4939.492808083112
WSM.1_1	49.27721415894628
TLS.1_1	772.8580737610846
PLW.13_1	44.075728099534274
FRA.1_1	5666.6330067201725
DZA.2_1	4625.7654676816055
DZA.3_1	1957.0427252280476
TLS.12_1	848.7724540373551
PLW.1_1	48.51112459659863
CHL.1_1	103823.99415489279
FRA.7_1	7468.082066969845
COK.1_1	3.293914924556017
NRU.10_1	1.0868196689319611
LVA.5_1	90.81064671849418
LVA.1_1	611.2457500232739
GEO.2_1	2955.723393167119
LBY.9_1	197293.120957719
SVN.2_1	250.63892676013947
JOR.1_1	413.8708764467945
ARE.6_1	150.26057114009345
NOR.1_1	4597.469931984795
JPN.2_1	11722.091731887018
PHL.4_1	1846.0853791690215
CYP.3_1	98.67641592921615
TUR.5_1	7757.067430971199
NGA.3_1	6654.156357672182
IRQ.1_1	138194.51728060102
IRQ.2_1	17087.415385348635
IRQ.3_1	52542.55197109335
KWT.1_1	4812.8627781273235
KWT.3_1	110.95658659190035
SAU.2_1	10308.02657049178
EGY.2_1	191409.3566420002
OMN.2_1	7823.352332432199
OMN.3_1	4307.783038832115
YEM.3_1	9133.360438690472
EGY.3_1	11763.61842283989
OMN.4_1	5652.351634140041
LBY.1_1	79147.31789324948
QAT.1_1	277.783311389884
YEM.4_1	3920.2391657827907
OMN.5_1	28935.848615869287
KWT.2_1	217.71123588548184
EGY.4_1	6003.733461108787
EGY.5_1	1926.718241227559
YEM.5_1	14587.763947667778
SAU.3_1	124375.52025222359
EGY.6_1	2304.378158883582
EGY.7_1	5707.4349251149915
LBY.7_1	8442.664671734688
BHR.5_1	395.2389479513675
SAU.4_1	117530.64670153406
YEM.6_1	38761.622093310194
LBY.4_1	1332.9783305066728
EGY.8_1	37552.287204468565
LBY.5_1	115068.01220787042
QAT.3_1	1484.0374425373655
LBY.6_1	422905.6915471283
SAU.5_1	144289.50609900185
YEM.7_1	63792.83191753945
YEM.8_1	2277.3498006101054
BHR.4_1	35.38526532196271
LBY.8_1	8028.767375055657
EGY.9_1	1448.4247211977076
EGY.10_1	19336.235394497682
BHR.1_1	32.09937734742069
EGY.11_1	3132.758850488106
EGY.12_1	1011.1273505986634
SAU.6_1	54378.033214345654
LBY.13_1	21194.51916884984
EGY.14_1	453139.1089757229
OMN.6_1	65007.92069707918
USA.1_1	133822.29481762194
BRA.2_1	27618.91459647805
CRI.1_1	9570.398839583977
MDG.5_1	27684.77324752946
USA.2_1	1505331.9670882435
ESP.16_1	2893.8014161521437
ROU.1_1	6297.3621872525255
ESP.4_1	14919.945764607186
PHL.5_1	2411.439080090193
CAN.1_1	663753.2911717361
IRN.1_1	4658.160783736044
UGA.33_1	1796.2002633731088
SYR.2_1	18921.056301423872
ITA.13_1	3494.011431225393
DZA.4_1	194.8191780958775
DJI.1_2	1868.3080858609715
BEN.1_1	26689.2176502456
ESP.10_1	5808.136348118317
KAZ.1_1	221872.70612404196
ESP.1_1	8753.098152198074
WLF.2_1	59.57080636836827
FRA.13_1	6965.501773340624
GTM.1_1	9913.241349547816
RUS.2_1	171593.6131179093
PRY.5_1	79419.56993112793
PRY.6_1	14016.745042815941
LVA.4_1	1665.0973451591683
LTU.1_1	5645.1981828604185
PRY.10_1	12220.229567203152
YEM.19_1	391.54720764487075
BRA.3_1	139180.758141573
TUR.6_1	6226.6954614062115
BRA.4_1	1565684.5373440073
COL.1_2	109254.31301929326
PER.1_1	40724.50991746623
VEN.1_1	179872.7449505665
IDN.21_1	739.39788983306
ETH.3_1	156171.7060310059
JOR.2_1	7863.564351876251
THA.1_1	3932.680613457994
MDG.3_1	17057.275891738027
LKA.1_1	4656.585077975849
YEM.10_1	7851.305804826845
UGA.45_1	1530.5856205307848
RUS.3_1	360962.1731760814
UGA.22_1	2635.7215687887838
UGA.8_1	3745.8676457011115
IRQ.5_1	29238.53988564147
VNM.1_1	3604.967882713013
ISR.5_1	1065.8009612424416
LBY.10_1	6268.932829299133
NRU.6_1	1.412783391483108
MDG.1_1	16391.396003687576
NGA.4_1	4706.969174620256
GRC.6_1	14078.33545686605
PER.2_1	35843.31499675711
ITA.11_1	2012.2460894023743
IND.1_1	7106.466778810383
IND.2_1	275709.8617509076
KGZ.7_1	4309.31539084482
COM.2_1	1024.676307084613
COM.1_1	448.58989488436345
AND.3_1	14.496486010956763
MNE.1_1	334.25815172907164
MDG.6_1	15788.800813220016
MDA.1_1	829.854530530117
THA.2_1	971.7080064859881
PLW.3_1	17.56170260391879
PHL.60_1	70.38573772661209
GBR.4_1	712.820150842804
CHN.1_1	140193.77480258327
TUR.7_1	25685.965024861838
DZA.5_1	1459.7645283874836
GNQ.1_1	14.181752948131546
LCA.9_1	77.54330677925063
SYC.19_1	1.8642317903914452
SYC.22_1	13.948281644735337
SYC.24_1	6.803579004437924
SYC.1_1	8.040228146894098
ERI.5_1	1561.4272686445313
TUR.8_1	21198.743625613362
COL.2_2	63351.57822728621
NZL.13_1	79.02785182888412
PHL.6_1	2498.8588276142527
CHL.2_1	122878.54889834071
GBR.2_1	557.4632964945316
BEL.2_1	2768.9403659400446
LKA.2_1	7228.67563598805
VEN.2_1	46551.66253549895
JPN.3_1	9656.592380558486
ITA.19_1	3304.0222862653027
UGA.2_1	3305.4022842105483
AUT.6_1	54.62404559371376
PHL.7_1	3761.6853701804503
CHE.3_1	239.23481725803947
VEN.3_1	75110.6133777102
PER.3_1	20824.44166902206
JOR.3_1	6492.054082100279
KAZ.2_1	146489.35155691954
KAZ.3_1	301697.53338691825
SYR.3_1	18285.203691918563
QAT.5_1	6388.97734642829
SAU.7_1	376970.142035614
MKD.41_1	33.75919949200296
ROU.2_1	7815.381527290037
ARM.1_1	2720.5210892808773
VEN.4_1	6796.675558969303
ARM.2_1	1974.1412328523206
COL.3_2	23790.201200446758
IRQ.6_1	14474.870419866882
ATF.1_1	205.2753560554056
ATF.4_1	6986.814575532961
TUR.9_1	5134.743883837196
IRN.2_1	20182.364448994
FRA.6_1	5192.445348671089
PER.4_1	62904.76990856518
ITA.16_1	3232.7663462807745
ROU.3_1	6678.3476113875295
MNG.1_1	55256.634855406424
CHL.4_1	16275.761538307033
FRA.11_1	4981.412884833276
TTO.3_1	10.03465615035233
USA.3_1	295065.6444627764
USA.4_1	137541.83429228066
RUS.4_1	403856.9605956486
ARM.3_1	1247.0241136180039
DJI.6_1	1719.7791875432226
CUB.9_1	2024.6667218533787
URY.1_2	12185.070628311996
TUR.10_1	7833.346459139771
UGA.3_1	4233.228271575292
Z07.3_1	82202.90031189435
TZA.1_1	38611.94618844024
IRQ.7_1	17218.393982737165
SYR.4_1	6630.026827109524
EGY.15_1	9029.390782403749
SHN.1_1	88.90813702607035
EGY.16_1	4917.445608297541
SAU.8_1	553227.4929402523
OMN.7_1	15982.984336612804
OMN.8_1	17436.672298349895
LBY.22_1	96389.4437996185
GHA2_2	24894.519792431893
SAU.1_1	77379.39937099202
MRT.2_1	35895.64240576077
IND.4_1	79530.37430042506
AZE.6_1	481.8247609524231
RUS.5_1	46089.671557098016
ESP.17_1	10677.630537605275
PRY.9_1	164.3412671001005
EGY.17_1	15554.864272854804
EGY.18_1	2601.9978477049126
IRQ.8_1	10516.962979088708
CHL.5_1	79310.1843500012
BEN.2_1	21249.836029850285
COK.2_1	20.971006115785123
COL.4_2	3342.7189959867233
NIC.1_1	32411.789162107314
NIC.2_1	25688.564400683863
HND.1_1	4519.454350790693
BEN.3_1	3137.8123767020556
LAO.1_1	9182.22907139012
MLT.4_1	6.50977101055336
GRC.3_1	3797.8440501059613
WSM.3_1	267.5142480124984
KAZ.4_1	112422.5248276228
SYC.6_1	11.448198674973964
NZL.1_1	4701.280648886454
PHL.63_1	3305.511531439087
NOR.3_1	9199.39938904367
PYF.1_1	111.86971701221752
AUS.2_1	2349.173315178091
ISL.1_1	21433.91260078627
PRT.1_1	2767.061590503932
ITA.5_1	2743.9340626277235
ESP.5_1	8096.60217317186
PER.5_1	44181.05007124511
TUR.11_1	7944.501669160996
MMR.1_1	33333.40024733777
GRC.2_1	334.9140130348344
LBY.11_1	3385.5199339749806
Z06.1_1	11962.404599447975
PRT.2_1	2607.9365290867577
DOM.1_1	2596.5696175991193
ECU.1_1	8631.009739204106
VNM.7_1	1783.1765956932093
IRN.29_1	1037.176476353279
IRQ.9_1	6673.365735200624
VNM.3_1	3903.9839235550394
VNM.2_1	2380.8452970477274
VNM.5_1	801.3445772931481
ROU.4_1	6735.431329841866
PHL.51_1	151.27075906655693
HUN.1_1	8144.446665452442
ESP.11_1	21990.12731196348
AFG.1_1	43677.01423061841
DEU.1_1	36123.34682895805
AFG.2_1	20596.224141066315
LKA.3_1	2840.824232789409
GNB.1_1	5962.784571607214
CIV.12_1	8681.235729588783
IRQ.10_1	658.1848035352116
AFG.3_1	17859.842437476535
NPL.1_1	9045.114439328147
MMR.2_1	36317.840376650776
PHL.13_1	67.06281675907945
BRA.5_1	560049.7930648524
DOM.2_1	1300.88440387432
SYC.5_1	13.920418434819341
SYC.15_1	23.4665413127141
MEX.3_1	72907.66162741043
MEX.2_1	72126.9370899231
GTM.2_1	2879.552973023812
UMI.1_1	0.7148729878330919
SOM.2_1	25972.66430278531
MWI.1_1	2195.250563474554
AZE.9_1	875.4771964803581
BFA.1_1	4688.139103517523
ESP.13_1	5116.760458034501
IDN.2_1	5585.2296101683005
TUR.12_1	14542.477148942107
TKM.3_1	118612.80026558437
AFG.4_1	16022.522387076926
JOR.9_1	1140.3725110373
MDA.28_1	101.57419984693527
PAK.2_1	347995.75879558094
MLT.5_1	0.9676030166532993
LIE.9_1	18.747919839045046
BFA.4_1	4225.714967479076
MLI.5_1	213.45298306176042
CAF.1_1	58096.301843295216
AFG.5_1	17728.049361453286
SOM.14_1	203.49858493396815
COD.13_1	295847.56571020966
IDN.3_1	16539.274221951382
THA.3_1	1563.7661959012778
CAF.2_1	93.15148013183975
EGY.19_1	4790.8703518111415
BIH.3_1	8888.070752553856
GMB.1_1	208.62592590242957
SVK.1_1	9430.071864787984
KHM.1_1	6133.5729371236
IDN.4_1	9514.967764709967
MNE.2_1	574.6711077915745
DOM.3_1	1617.649289786415
HUN.2_1	4318.678384399337
ATG.1_1	169.53872260992432
ESP.6_1	7752.916461100694
TCD.1_1	56594.87792699815
ITA.2_1	3884.3132592690768
SOM.4_1	70107.10880014487
GUY.1_1	19799.79992276686
VEN.5_1	36839.488531554445
BGD.1_1	9104.102520074295
GBR.1_1	42.17660031533527
TUR.13_1	2105.427125398308
COD.11_1	54367.70486030982
CIV.2_1	26179.947727585914
MDA.19_1	458.18966306619774
RUS.6_1	142993.79135875378
PHL.9_1	1071.0958999451784
CAF.3_1	16764.691175747103
PHL.10_1	1218.3539806621943
PHL.11_1	195.56648000575436
PHL.12_1	3258.116969893368
KHM.2_1	12233.156653660468
TCD.2_1	90892.9697972237
KGZ.1_1	16883.76705574477
TUR.14_1	4116.727102451579
DZA.6_1	12055.30219343297
TLS.4_1	1570.771863829771
NGA.5_1	49035.82360509311
SOM.5_1	43937.50456278944
NZL.2_1	13570.4268736624
MNG.2_1	46002.25713118565
MNG.3_1	116435.05789572273
TUR.15_1	3541.441530643219
NGA.6_1	9884.416010376188
DEU.2_1	70023.78688211102
BFA.6_1	3965.6029410033884
MUS.2_1	12.309268197132111
SYC.17_1	5.829763446595908
DZA.7_1	165035.31115161662
CHN.2_1	16251.745054811989
LBN.5_1	28.191484633847235
PRT.3_1	10252.368639068447
TUN.2_1	3692.807598661079
DZA.8_1	3541.5895601635275
HUN.3_1	5372.224237401724
SYC.13_1	7.7755341072226765
BRN.1_1	2769.859623702731
RUS.7_1	27728.8572725605
BLZ.1_1	3553.261953093491
ITA.20_1	3694.8519271714745
SVN.9_1	58.85165355146408
TUN.3_1	749.09545499632
VNM.6_1	2116.6904301142417
MDA.36_1	921.297802246311
LBY.12_1	9827.293488769126
IDN.5_1	20999.436222481316
AGO.1_1	33991.591180907504
AGO.2_1	39715.483671703805
ETH.4_1	50073.09622630227
NGA.7_1	31470.759247087746
LBN.2_1	3935.6887827407654
MNE.3_1	735.560755622257
ALB.1_1	1820.039728070065
LSO.1_1	2066.310808699032
ITA.10_1	2735.082740560852
DEU.3_1	889.2554491417241
CHE.6_1	5921.92230887444
MKD.3_1	578.9120720442266
BHS.2_1	25.788762967051564
MDG.4_1	30676.69708954417
GIN.8_1	12640.690050702213
NPL.4_1	10854.867763227421
NPL.2_1	9493.258794191486
AGO.3_1	72138.23151500392
IND.5_1	94689.61111250344
ROU.5_1	7617.712130495051
MNE.4_1	778.925965440753
TUR.16_1	5288.455796735447
PHL.14_1	463.8189550806994
BHS.3_1	21.830095622932912
TUR.17_1	8425.874296542472
VNM.8_1	6254.617726042692
VNM.9_1	2556.866876942081
VNM.10_1	7193.220017305279
VNM.11_1	7579.059070984856
CHL.13_1	38393.680313703255
GNQ.2_1	635.8066755171462
GNQ.3_1	1349.7968800148954
GNB.2_1	854.2536843598564
MLT.3_1	0.7182022387003899
KGZ.3_1	111.68301615612602
DZA.9_1	20805.44110844203
GNB.7_1	127.69556385004091
HRV.8_1	34.558692356600226
ROU.6_1	5257.852820402412
TUR.18_1	8985.880819036292
MKD.4_1	758.8820712260243
TUN.4_1	3600.7598711955566
HRV.1_1	2672.647040022011
BHS.4_1	55.46444975346303
BGR.1_1	6704.806194847061
MWI.2_1	2001.2530437537328
SVN.1_1	184.2073914575386
SWE.1_1	3020.4750863869835
DZA.10_1	1940.9191671428737
SVN.7_1	73.95580426456738
AIA.6_1	10.265530062067777
SDN.3_1	44385.57174443699
CPV.1_1	635.5724245374437
NIC.3_1	4305.816800208277
TLS.5_1	1432.6778928186825
PAN.1_1	4678.84861239436
GIN.1_1	5098.964331178584
MKD.24_1	105.16595525140285
COL.15_2	1669.9932608873103
MKD.74_1	139.27056169864272
PHL.15_1	3887.408509558321
LAO.2_1	6950.464691651157
GNB.4_1	1382.8500112259799
LAO.3_1	15435.245297756632
COL.6_2	26463.599131843774
ECU.2_1	4097.537250433179
VEN.6_1	251203.97054734817
ITA.6_1	3677.986106152153
TUR.19_1	8575.333262512226
LBR.1_1	2072.2102842313016
BES.1_1	269.1306703847027
LBR.2_1	8838.305422012078
DZA.11_1	4046.387304721117
SMR.7_1	11.543662476004124
BEN.4_1	25623.575242343453
TCD.3_1	248512.40600349865
NGA.8_1	71048.09665732717
SVN.5_1	43.74812231219244
SRB.1_1	3759.107027450078
HUN.4_1	6743.4745369714965
MKD.51_1	158.42725980396844
BIH.2_1	542.6209983388543
ROU.7_1	5447.594926911949
COG.1_1	12411.034265465594
BFA.13_1	3228.1233141249772
DZA.12_1	4532.6843600623
BFA.3_1	6671.70392078242
BFA.5_1	4213.125192438737
DZA.13_1	1231.7841510685173
COL.7_2	22897.97153948626
ITA.17_1	7392.353680528599
PRT.4_1	2698.676788413107
PRT.5_1	6297.376737423592
ROU.9_1	4773.829331338329
MRT.3_1	33132.50697024488
DEU.4_1	30037.641829635995
ALA.1_2	5.260724569629669
SRB.2_1	4195.74199890847
SVN.10_1	60.489645365413665
ROU.8_1	5239.535221893227
SVK.2_1	2095.280869526047
CPV.2_1	59.782010773803236
COG.11_1	6013.147704925975
ITA.7_1	83.52409601822758
DEU.9_1	385.6611490130954
BLR.1_1	32942.15258229817
SVN.11_1	197.8865527817936
MDA.5_1	750.4942649087058
CAN.2_1	945611.3656048988
MKD.46_1	841.4816652860051
HRV.2_1	1842.5850327700282
HRV.12_1	2393.117937883772
SUR.1_1	7666.964089562931
GHA4_2	39807.176752102925
BRN.2_1	566.301771355603
BEL.1_1	164.53417709715652
MKD.26_1	160.67895195108414
RUS.8_1	35232.94105593667
BDI.1_1	1116.9533057227293
ROU.26_1	284.502558333992
UGA.50_1	517.5998419807217
HUN.5_1	538.4020051512795
UGA.38_1	203.1780514128419
THA.4_1	3987.3468695999336
ARG.1_1	306094.2758391244
UGA.4_1	1024.0964479973275
UGA.6_1	835.3624118958451
UGA.44_1	2577.8445892034283
BDI.3_1	466.166676279357
UGA.29_1	979.1292583248672
UZB.2_1	40173.691104123594
PHL.16_1	8886.810915194372
UGA.35_1	518.0022383796753
UGA.20_1	426.46792268345746
PHL.17_1	2616.8497395012846
ZWE.1_1	457.29960131926725
MNG.4_1	48351.13803868691
UGA.31_1	2002.4563349910163
BTN.1_1	2780.1127313742677
UGA.5_1	1153.7811412222547
EGY.20_1	400.2609676992923
TUR.20_1	7234.872637499485
BGR.2_1	7648.665105424096
AUT.1_1	3982.9059773054773
THA.5_1	10144.56456455792
TUR.21_1	10906.657865326828
BDI.4_1	3366.383342849509
RUS.9_1	352968.44522270426
KOR.1_1	282.09613800730847
IRN.3_1	23671.151517368482
UGA.7_1	728.0572123965842
NOR.4_1	15168.895531477418
UGA.56_1	636.9173753569794
UGA.42_1	464.8957276259629
MKD.15_1	59.22555639641309
LSO.2_1	1717.9655427650557
UGA.17_1	2022.4411860082678
ROU.11_1	5988.4339400119115
VNM.13_1	5148.4668410998975
PRY.7_1	9055.56645626225
SLV.2_1	1079.4367457795602
AGO.4_1	6701.7148037044235
MOZ.1_1	77842.49672994274
GNB.5_1	4603.445230186413
PHL.18_1	8821.007701169212
ITA.14_1	4517.387429548767
MKD.64_1	2.7217220900760593
PER.6_1	34148.158134115445
MDA.7_1	749.3664835465498
ROU.12_1	4767.020263527256
COL.8_2	7364.71171035621
USA.5_1	409742.727056919
PER.7_1	56.75681190605748
PER.22_1	71762.42727863161
PHL.47_1	53.84651584140015
FRA.9_1	5661.921463061844
CUB.1_1	15543.46342170266
PHL.19_1	2050.3719274806144
PHL.20_1	5108.142517457916
MDA.18_1	667.2714964175663
PHL.21_1	241.3299377674041
MEX.4_1	57141.86936755399
ITA.12_1	2974.4591843871513
VNM.18_1	1661.4061291929036
TUR.22_1	9587.914668339161
ECU.3_1	4041.7876238412123
URY.2_2	4570.797904670941
PRY.8_1	14892.05757132867
TUR.23_1	7680.579977868159
BDI.5_1	1799.260766869318
ESP.3_1	5347.672500997643
MDA.8_1	874.836363412548
NZL.3_1	45860.72836338626
VNM.14_1	6206.921614094714
SLB.4_1	30.301452600818873
PHL.22_1	2630.1035997093663
NAM.13_1	20017.758815799232
COL.9_2	90055.56105967549
VEN.7_1	5046.261657494152
ROU.13_1	8399.382859518211
NIC.4_1	1225.35723531228
ECU.4_1	3659.5019262257565
IRL.1_1	906.9256785177822
GRD.1_1	34.12319819694106
CRI.2_1	3099.334379932971
COL.10_2	43768.437131187
SYC.23_1	5.6594969678260085
MKD.11_1	785.4246066144009
PRT.6_1	6400.051045559558
LCA.5_1	77.91720252265453
BHS.5_1	426.07911716044805
ARG.2_1	101392.5206430326
PHL.23_1	1487.0396811743049
ITA.4_1	2363.911574223947
COL.11_2	30706.236205716374
MDA.9_1	1237.7608536769694
IRL.2_1	1892.1440963398552
PHL.24_1	1305.4016621714916
BLZ.2_1	5249.661041676058
BRA.6_1	150227.5597480956
PHL.25_1	4445.7123852613995
MKD.25_1	4.874429633691311
MKD.13_1	148.55622071839332
BWA.1_1	146219.8120631313
FJI.1_1	4567.370851705133
GHA5_2	9861.222606422889
KEN.29_1	12989.045149035817
PNG.2_1	29367.930916375302
SLB.1_1	559.6894802860407
ZMB.1_1	95381.70728941674
BHS.6_1	551.9449591930976
CHN.HKG	11.295626651689053
BHS.7_1	1235.268268563727
SDN.4_1	37391.19246531931
BHS.8_1	138.9114407678957
SSD.1_1	46980.22075141057
FIN.5_1	19394.11128454254
GMB.3_1	3035.359229809311
SGP.4_1	108.62111417100628
CMR.2_1	68693.18092766481
HTI.1_1	3479.1134737078382
TGO.1_1	13227.814195916158
GNQ.4_1	8332.519354359247
URY.3_2	13810.384499031708
COL.12_2	22128.580104493176
MKD.35_1	136.77210343790483
MNE.6_1	967.3396675138727
MAR.14_1	42.72833041904211
THA.6_1	5549.793540611477
ARG.3_1	99291.93615573822
PRK.1_1	15822.070696766936
TTO.11_1	58.354544416946965
IRN.4_1	15222.578923394914
THA.7_1	2480.7626950593267
THA.8_1	13171.754367236288
SLV.3_1	1857.4587154233818
LAO.4_1	15115.790163980288
IND.28_1	118.74002523859882
TWN.7_1	1189.7543168215245
THA.9_1	5832.013974290537
MAR.1_1	16504.76428035441
TKM.4_1	93283.39547255065
FRA.10_1	5976.979316892752
TCD.4_1	46081.8709131649
VCT.6_1	102.97215688669479
NZL.4_1	817.4034101675685
RUS.10_1	16170.574067257736
RUS.11_1	88572.57269804667
FRA.4_1	7320.053127993704
UKR.1_1	21268.2663827508
UKR.2_1	31772.035322970758
UKR.3_1	8153.252973687901
IND.7_1	134510.59278781145
BTN.2_1	1853.2022975226478
THA.10_1	22759.572708250234
THA.11_1	11273.894546477512
MEX.5_1	73384.09297611381
JPN.4_1	5111.425059199507
SMR.2_1	5.8047056300292015
ITA.1_1	2581.071551024269
MEX.6_1	247981.95453294698
MWI.3_1	5132.186401995668
GTM.3_1	1732.8181522277346
ECU.5_1	5753.7931035802
PNG.3_1	6224.436620257496
MMR.3_1	37282.501493938405
NIC.5_1	4799.352534979898
GTM.4_1	2374.1038904859843
MWI.4_1	793.1115434392276
BTN.17_1	638.2039760374765
PAN.2_1	6693.294335865639
MDA.10_1	176.22388974721144
RUS.83_1	432406.65686162986
MWI.8_1	8772.934370628302
ZMB.6_1	4271.563591376385
BGD.2_1	29223.197418939802
DZA.14_1	4308.959304440377
COL.13_2	46828.62111317192
LCA.10_1	37.62417961821437
SLB.2_1	3003.3737787203936
HND.2_1	4481.519380392679
THA.12_1	4333.054698590557
CHN.3_1	82362.78718163619
NIC.6_1	7383.303618931484
BRB.10_1	57.431452727171305
KNA.3_1	21.212352333364723
ARG.4_1	225213.4658167178
RUS.12_1	716836.0658117179
THA.13_1	5755.730973472752
BOL.1_1	51666.44279752937
FSM.1_1	71.6513238001832
RUS.13_1	18384.931705432227
BDI.6_1	1636.206944798445
CUB.2_1	6896.043815109915
CUB.3_1	4190.713989587342
MDA.11_1	1213.9786573403262
BHS.32_1	14.36901997699833
BMU.10_1	0.6887121275798749
BLR.7_1	606.6069842352066
BMU.2_1	0.7778314518852234
RUS.14_1	2024.8929570389832
ARG.5_1	376.5051768802681
CUB.4_1	701.57036014049
IRL.3_1	3236.0567652642126
JAM.1_1	1201.9671000432486
ROU.14_1	6640.134701691208
MEX.7_1	150977.87838880837
KEN.40_1	82268.289126884
BOL.2_1	56146.9747240661
PAN.3_1	4868.401168878479
PRT.7_1	3959.8280931398804
VEN.8_1	13859.034709888883
MEX.8_1	5878.183373931267
BEN.5_1	14344.609679493251
HND.3_1	8305.123304314731
PAN.11_1	5099.825659954528
URY.4_2	6191.309972671009
USA.6_1	269201.28947358683
HND.4_1	5102.613450004133
SUR.2_1	2111.1254788861347
PHL.26_1	4195.4443864215655
GIN.2_1	24.800277679494382
USA.7_1	12708.021819307633
ROU.15_1	7247.508456931534
DZA.15_1	2119.802004871029
HND.5_1	3283.200049576467
ZMB.2_1	31148.727092710782
CHL.7_1	37405.749376530766
PRY.11_1	4576.918297796355
ARG.6_1	168142.39475498695
COL.14_2	25158.77219579923
IRL.4_1	60.77861164076996
SUR.3_1	3780.0136501214074
BLZ.3_1	1973.6571739900319
ARG.7_1	89089.4487180312
FRA.5_1	3973.289116307104
HND.6_1	3971.2866881577415
TUR.24_1	12518.53919799173
MLT.1_1	1.5267664697093963
PHL.53_1	6439.049675622169
PHL.44_1	132.99453538727616
FRA.2_1	8815.30816774572
FRA.3_1	7117.419090044782
ECU.6_1	5986.609632772096
TLS.6_1	1264.7007482141298
ROU.16_1	3685.7529997952643
GIN.5_1	1427.7700590637094
HRV.10_1	29.76016208337462
MDA.12_1	805.5554908067684
SVN.3_1	313.87460704102904
BHS.10_1	345.71063255328653
NGA.9_1	21009.36955913829
HUN.6_1	3424.272642328284
AGO.5_1	197795.3110438617
AGO.7_1	23730.062075881597
AZE.7_1	961.7770990765505
AGO.8_1	77029.98754307027
MUS.5_1	22.464187778709412
PER.8_1	74209.51157154301
COG.4_1	44946.66530394144
COG.3_1	25451.171129039092
GUY.7_1	5565.517906669291
VNM.19_1	723.1546173973367
GIN.3_1	5997.2527660903215
IND.20_1	515.7003730059264
KOR.4_1	465.54492565174866
KOR.5_1	366.0857543254509
BTN.3_1	1397.3354606775056
RUS.15_1	50105.348301793245
PHL.61_1	96.56769492526912
DOM.4_1	1114.7337478624906
VNM.15_1	13056.224962857117
VNM.16_1	6450.531011733286
SEN.1_1	571.779375225195
MRT.4_1	17061.660950639493
XKO.1_1	594.7224435538063
GIN.7_1	3841.978062924419
SWE.2_1	30252.482551181
IND.11_1	58.53737148039031
SYR.5_1	116.0608693049469
ROU.17_1	3882.7938445160094
MNE.7_1	512.4421060302658
TZA.2_1	1639.1024372058387
SYR.6_1	3955.3416833225374
MNG.5_1	3640.5770394730757
PAN.5_1	11616.47613731541
PHL.28_1	2047.2447692022747
PHL.27_1	3489.1731626668598
PHL.29_1	5393.537739619064
SYR.7_1	26722.578575179607
MKD.17_1	439.47461123841856
HUN.9_1	755.2500771155167
ERI.2_1	32948.54632611463
ERI.3_1	22409.44956501725
MWI.6_1	4105.829234496963
USA.8_1	5171.647543295453
MKD.79_1	465.5687025440325
IND.25_1	1482.3971329016438
NGA.10_1	16288.755005054276
VEN.9_1	35665.72393462414
GUY.5_1	3184.112230678774
MKD.19_1	476.75810148055365
MKD.20_1	313.6357579716954
CIV.4_1	21286.523423581166
TUR.25_1	11112.943012713326
LCA.3_1	61.518817540477755
VEN.10_1	306.66579080553174
SVN.8_1	32.32498749635887
AZE.8_1	1247.6934909398617
BMU.11_1	6.681144135029673
BGD.3_1	30548.73804884264
YEM.11_1	7697.8468239246295
NPL.5_1	7789.715314357277
ZNC.1_1	127.42279742224717
IRQ.11_1	13726.423983351413
OMN.9_1	128289.89576595911
MDG.2_1	19335.64091551595
ALB.2_1	2412.027797719492
TTO.8_1	126.49209112920475
LUX.1_1	1146.9861376410838
VNM.20_1	11765.797225311773
NER.2_1	145073.3525988971
IRQ.12_1	6555.037768104539
DJI.2_1	6814.930894525038
SEN.2_1	4885.307577281548
ETH.5_1	1059.3311193728036
USA.47_1	162.24371030560303
VEN.11_1	369.3024736645843
BRA.7_1	5792.223524876936
MEX.9_1	1375.14428110015
DOM.31_1	77.81410180789071
CIV.8_1	16617.00450287691
IRQ.13_1	19801.55946171978
TUR.26_1	15096.73404609656
DZA.16_1	35148.49416509874
UKR.5_1	31816.2604789374
BGR.3_1	4658.783041073293
SVN.4_1	33.682937053905484
HUN.20_1	26.640005655373336
TZA.3_1	42304.094014063434
MKD.5_1	137.74426875362158
UGA.14_1	1160.460030033203
ROU.18_1	7045.31159717965
MKD.21_1	409.897219681797
SMR.3_1	7.783358990309239
MDA.13_1	856.8569928827055
IRL.5_1	4790.880287743099
UKR.6_1	26598.99374059517
VNM.4_1	4745.666732612108
VNM.31_1	895.1670060929641
VNM.17_1	5874.142427541062
BEN.6_1	11005.037298137764
MNG.6_1	122650.35008200731
MNG.7_1	114566.73605978329
NER.3_1	31450.85918095491
MAR.2_1	14071.71086196995
MWI.7_1	2766.9715888491173
XKO.6_1	440.49475151135255
AUT.2_1	95.67600064115143
NLD.1_1	2637.01918085442
MDA.14_1	761.2892180991201
DOM.6_1	1464.5785690071054
ARE.3_1	3870.057373996941
IRL.6_1	110.90197755800057
HRV.3_1	1444.9090148852206
EGY.21_1	670.5911261106713
IRL.26_1	136.49464207862664
HUN.7_1	131.4936069534874
MNG.8_1	74935.18181588015
MEX.10_1	121025.16474015338
URY.5_2	12004.657369167548
ALB.3_1	805.637422312366
ALB.4_1	1630.6715339700584
TJK.5_1	135.94364469274234
TUR.27_1	2571.5137709367855
GRC.7_1	10936.427027754204
GRC.5_1	9713.816914303357
MNG.9_1	81974.81148018091
IRN.5_1	46442.57035477537
GUY.3_1	2116.0188457190275
AIA.11_1	12.897209513351259
SSD.2_1	67739.75690463775
BHS.11_1	485.2403662781882
KAZ.5_1	279874.6361245749
PNG.4_1	15432.389922394561
PNG.5_1	42435.741592699684
ASM.1_1	54.34156024465322
FJI.2_1	1405.9832912332265
GHA6_2	19237.61339909127
KEN.25_1	157333.23163020465
RWA.3_1	9461.01076256947
SLE.1_1	15267.080964450337
ZMB.3_1	50186.214719950345
ZAF.1_1	170119.93354715942
SDN.5_1	57017.67788554368
PNG.6_1	11285.049410958867
PHL.31_1	4124.66530657859
TTO.14_1	150.75819597524165
NGA.11_1	6186.544470390018
ALA.2_2	77.99748970381188
MDA.16_1	940.8462434970512
TUR.28_1	5370.266621235166
NGA.12_1	19769.48916763902
HUN.10_1	202.22042052765846
JPN.5_1	5631.611546834883
NGA.13_1	5216.376846507458
DZA.17_1	68365.15956108016
BOL.3_1	210226.47011640132
ECU.7_1	6206.532900115054
DZA.18_1	46301.29397608265
HND.7_1	7625.981556638456
GTM.5_1	1919.2954110128858
DOM.7_1	1850.6793621343786
DZA.19_1	2733.2303169019387
TUR.29_1	9304.095684097027
PAN.6_1	4014.2663886293317
PNG.7_1	12687.911815341622
SYC.11_1	3.4501365915203093
TCD.6_1	191079.7659355589
ARG.8_1	78186.37118321385
NGA.14_1	7699.96345014177
COD.2_1	404409.11097520683
ARM.4_1	216.89508390500356
TLS.8_1	708.4268780181608
NAM.2_1	64066.88430749603
TUR.30_1	11313.822018520237
TUR.31_1	23804.610191024345
AND.2_1	66.2216037475996
LIE.10_1	7.590792700891495
GTM.6_1	4799.1228431376985
IRN.6_1	110575.30536174684
TUR.32_1	13727.463066519746
ECU.8_1	15867.211244757245
DOM.8_1	860.5843157796817
BRA.8_1	45805.99341998965
GUY.6_1	3829.6928952217563
FRA.8_1	1838.5214618181687
NIC.7_1	2359.0554271834258
CMR.3_1	108808.19402198555
GAB.1_1	19691.357017284543
PRT.8_1	7230.097545287339
CMR.4_1	34791.36053994071
BHS.12_1	217.2301773099513
FRO.1_1	1328.521588833648
PAK.3_1	27423.21107866416
PAK.7_1	866.3113931422272
WSM.4_1	231.42316836026765
VEN.12_1	28102.408499481742
MDA.17_1	1139.1027367407132
AFG.7_1	49394.039857536176
PRT.9_1	4965.3353214067765
IRN.7_1	125713.94130497069
AFG.8_1	20729.504378726077
SEN.3_1	7067.340964743067
NGA.15_1	7321.014546312105
UZB.3_1	7286.347072542477
MAR.3_1	19815.221281681483
ALB.5_1	1821.8742240431466
NOR.5_1	48439.22355968197
SMR.1_1	5.039687312656403
MUS.3_1	302.15713086272046
NLD.6_1	2396.1508934293497
URY.6_2	5127.8099289410275
URY.7_2	10425.391412473597
USA.10_1	146733.1187074516
MLT.2_1	0.6211531741081476
ARG.9_1	75916.84916007586
HND.8_1	8587.852972755629
BWA.11_1	90.12583638901329
CHE.7_1	1645.7449822470146
NLD.3_1	3925.3633133585854
CIV.5_1	6673.785992718296
ITA.8_1	3191.3475489689035
ARE.4_1	1705.3649519400874
CHN.4_1	120723.71035455693
JPN.6_1	4220.600465560165
JPN.7_1	5051.344891323185
JPN.8_1	13986.122055219454
TUN.5_1	7183.639235772257
BWA.4_1	285.12636375595355
BGR.4_1	2072.146729362854
GNB.6_1	8829.992712469058
TUN.6_1	7269.297666519314
WSM.5_1	254.38575786179507
WSM.6_1	411.9059216202011
ECU.9_1	7713.325479756556
ROU.19_1	4238.3533524472205
SOM.6_1	50163.174581957
LKA.6_1	1634.458177953991
IRL.7_1	67.52299684938431
ETH.6_1	25484.177107382406
LKA.7_1	1422.9084569817162
LIE.8_1	7.083136050459862
KOR.6_1	19171.578772257493
CHN.5_1	405597.05641207856
BFA.11_1	4224.222240744145
MLI.2_1	173190.72081408123
BTN.4_1	4413.8833408982655
ERI.4_1	33686.625767300124
ZAF.3_1	18866.89493881203
SWE.3_1	19477.847750439483
MOZ.2_1	76303.9511669562
MKD.9_1	103.61254752204955
TUR.33_1	7321.194359181432
LBR.3_1	9825.304261778287
SDN.2_1	58670.161935296455
SOM.7_1	46244.13233187371
ARM.5_1	5271.933319736401
TZA.4_1	23752.313680244897
NLD.4_1	5133.686487272251
PHL.70_1	591.7968382660163
ITA.9_1	1854.825276322382
AIA.8_1	1.2481977319502084
USA.11_1	152164.05985382252
BTN.13_1	2191.3301070860903
SDN.1_1	25065.51793340581
LBY.17_1	67953.50131702972
BWA.5_1	114834.04757430099
MAR.4_1	8937.060802375354
DZA.20_1	75473.67082281334
LBY.14_1	51336.0889825144
AFG.9_1	22053.433540531296
AFG.10_1	36118.85761654701
VNM.21_1	16028.787342415848
JPN.9_1	10685.659758952992
IRN.8_1	14414.163307847275
TUR.34_1	6763.757491268284
NZL.5_1	7985.812228895378
BDI.7_1	1835.8955342687932
ROU.20_1	3345.5195179422453
ALB.6_1	2889.2530448005487
XKO.7_1	66.2024916719017
SYC.9_1	5.842566411129773
CHE.9_1	672.6450565141487
MDA.20_1	795.6673156808853
XKO.5_1	274.2807092691851
BFA.8_1	8647.917675670536
XKO.2_1	517.4256013544407
IND.10_1	3420.6175280367756
BRA.9_1	341247.1036146023
IRN.9_1	20741.22940378769
NGA.16_1	18171.598741779962
BLR.2_1	40674.74111600801
MRT.5_1	13680.0629637923
HRV.17_1	72.9609208608359
ROU.21_1	5549.378560928241
RUS.16_1	92934.37809237454
TJK.2_1	63548.3442487469
IDN.6_1	11906.958967240096
MKD.81_1	528.6515035732078
SWE.4_1	3101.0316778562174
MNG.10_1	142828.36733168416
MNG.21_1	647.2926400137558
HND.9_1	16043.225604717807
SRB.3_1	3358.5036388304397
BGR.5_1	1244.3258630714379
HRV.4_1	704.3425714809547
MKD.62_1	282.25400505188105
NIC.10_1	2472.5802391621437
HTI.2_1	1882.338271727038
SYC.7_1	22.98180381053683
LBR.5_1	7672.243189222351
LBR.4_1	5359.048121905788
MAR.5_1	816.1019808216673
LBR.6_1	11045.688091687152
LBR.7_1	3985.3300662433076
MUS.4_1	221.42305704191782
TCA.1_1	14.001401734431028
CUB.5_1	8540.991348107207
CHE.10_1	7020.0392002311455
GHA7_2	3209.5249870959456
POL.15_1	29607.321554422204
VCT.2_1	38.22253653438562
LUX.3_1	462.78942567502764
BLR.3_1	25174.81048668492
NLD.5_1	2396.1097570120805
SLB.3_1	5316.595349521902
GLP.1_1	1657.2913940156714
COL.16_2	71308.17746986944
PRY.12_1	3770.5232280442096
CRI.3_1	10281.131985692233
MEX.11_1	30419.06256454008
CHN.6_1	175489.85136032797
CHN.7_1	237306.71148564058
CUB.6_1	6151.648103174504
VEN.13_1	64845.46753622938
GTM.7_1	2207.534950364172
COL.17_2	55038.858143562145
ECU.10_1	14981.202960583068
DZA.21_1	3783.8298199672354
MAR.6_1	101447.0741673217
TCD.7_1	61879.28525857006
MEX.12_1	64694.56601652261
MRT.6_1	10473.260011098271
PHL.32_1	572.3849400495786
CHN.8_1	175156.79409340656
PNG.8_1	34409.25353903235
TUR.35_1	6319.049021562134
JPN.10_1	6336.2295807781375
GEO.3_1	1925.757998569809
GUF.2_1	83183.70355752743
KOR.14_1	133.01845017051696
KOR.8_1	10209.236806574587
HUN.8_1	238.56618375769807
BTN.5_1	1678.190611848324
TON.2_1	92.28939825675964
VNM.26_1	7926.15799785565
SAU.9_1	121299.0369393769
VNM.28_1	935.7060520445183
VNM.29_1	6290.369597610451
ISR.2_1	14527.108116647361
TCD.8_1	30293.45517093878
YEM.12_1	167837.85537378138
VNM.22_1	1726.827519110178
VNM.23_1	976.231318351444
ISR.3_1	856.7918229076738
CHN.9_1	33840.6435120883
BEL.3_1	3981.3025110213825
YEM.13_1	8902.843050675065
TUR.36_1	7469.416745232993
SWE.5_1	5906.302024522861
IRN.10_1	20493.831885989865
SYR.8_1	10204.469268177438
LKA.8_1	2651.919177140649
DEU.6_1	773.7106240667615
ISR.4_1	1173.948018595809
PRK.2_1	17341.46430619463
PRK.3_1	18531.46067137142
BMU.1_1	6.386743863477707
JAM.14_1	489.52272632716085
ZWE.2_1	929.1684337965798
ETH.7_1	363.82078802948666
BHS.31_1	3.41784963557148
NAM.3_1	110226.17846267714
ROU.22_1	6576.325068408951
EST.1_1	4504.277428974403
IND.12_1	43945.413386850705
SYR.1_1	22364.962332278974
BGR.6_1	4027.9599319707013
TUR.37_1	5580.255541128598
DOM.9_1	1380.190862905988
PLW.4_1	28.06887406838846
VNM.24_1	2137.226993155665
CAF.4_1	55574.31908358198
GAB.2_1	33773.73782765757
CIV.9_1	15206.04645161544
CAF.5_1	85687.86499632087
USA.12_1	16848.02606888127
KWT.4_1	59.414304682878495
NZL.6_1	13694.175587804137
CHN.10_1	188969.15319135762
NOR.6_1	27497.890436866273
CHN.11_1	452258.06040778704
CHN.12_1	166147.00148547266
MNG.12_1	81003.57697086317
MNE.19_1	238.1598229478526
CRI.4_1	2695.139324932302
PAN.7_1	2367.954437557764
DEU.7_1	21012.408776694436
SWZ.1_1	3575.105796989401
MEX.13_1	21304.476635395273
SOM.8_1	34480.016144608875
EST.2_1	1073.2727969408454
AFG.11_1	57299.60944580856
IND.13_1	55399.56913675463
MDA.21_1	1261.125838836157
AFG.12_1	55431.241659685904
JPN.11_1	8302.010970994668
VNM.25_1	1908.349227325869
VNM.30_1	4236.011255354063
MRT.7_1	185467.14378120124
MRT.8_1	50156.59405989996
HUN.18_1	7.955774625855323
ISL.3_1	617.7147081228637
UGA.9_1	5779.6158705457565
JPN.12_1	78783.12235226754
CUB.7_1	9221.580337470643
SYR.9_1	50098.301343460545
NOR.7_1	14789.948310581623
IRN.11_1	67323.57220074834
LAO.5_1	17265.798581142855
BFA.9_1	11436.851653719013
MNG.13_1	75724.1251768515
DNK.1_1	2529.8257180666983
MNG.14_1	100388.78425376001
UMI.2_1	0.47895419467057
SVN.6_1	201.48105332072757
AGO.9_1	33129.68326592062
PER.9_1	22119.800455837416
PER.10_1	36451.52005890192
CHN.13_1	185598.5012737579
GTM.8_1	7292.815169751446
ESP.2_1	15528.534866199248
AGO.10_1	78767.0367554161
COL.18_2	19035.540349551782
CHN.14_1	211352.3263205095
ROU.23_1	6971.903699983858
PRK.4_1	9311.354772935803
PRK.5_1	8185.176874048402
JPN.13_1	8381.81023472634
ROU.25_1	4561.5622750626835
MDA.22_1	646.1266351331768
ROU.24_1	5546.152008063724
UGA.39_1	1156.316908799053
JPN.14_1	6335.985069027717
YEM.14_1	5328.329610818857
PER.11_1	20906.446937963625
EST.3_1	3907.2844926862867
USA.13_1	216253.45841244783
SYR.10_1	5636.568233623558
PHL.33_1	2552.4869854097233
UGA.10_1	688.1797099914887
TUR.38_1	3992.4926096100676
IRN.12_1	18802.388607403023
ATF.2_1	25.083383569063546
NCL.1_1	2016.2650032514014
ATF.3_1	62.925633130483625
PHL.41_1	673.3312847780113
MKD.23_1	95.10222894386601
USA.14_1	150152.87477251492
DZA.22_1	196083.74698750756
PHL.34_1	3498.5988487822997
PHL.35_1	2711.448593303394
PHL.36_1	4558.712156856947
GEO.4_1	6225.711702529901
NGA.17_1	5289.425181649968
BHS.16_1	1715.4268365375146
KOR.11_1	367.21885014446116
MRT.9_1	44648.56260014661
DOM.10_1	2087.3515137407576
USA.15_1	94332.36621552636
RUS.17_1	3252.5199093198166
MOZ.3_1	68082.84665090831
CHN.19_1	1144460.8363553598
HND.10_1	3138.4837535597553
USA.16_1	145449.2581822081
JOR.5_1	1798.7139950273513
IDN.22_1	95324.85673258056
TZA.5_1	38604.304860223616
RUS.18_1	773517.3079906947
SLB.5_1	4041.8635254554183
PHL.37_1	9982.497352411732
JPN.15_1	4114.098153299707
CUB.8_1	2364.3888560671617
HND.11_1	257.37407887159384
TUR.39_1	8772.992864183492
TUR.40_1	4807.897089383322
HRV.5_1	2775.873256502899
XKO.4_1	474.4690478067684
PRY.13_1	15472.316101307337
UKR.7_1	13905.372788967901
RUS.19_1	23668.209666157858
JPN.16_1	15473.639025049142
GTM.9_1	8636.512293594456
TUR.41_1	12897.967756290309
SRB.4_1	2766.2685421476513
IDN.7_1	816.0283328153839
KGZ.4_1	33904.55906636613
GTM.10_1	1987.8994261737776
MEX.14_1	80000.12638211003
IDN.8_1	50932.56909563162
Z01.14_1	106019.02862743763
SWE.6_1	54024.91453809891
EGY.22_1	28964.413084661323
JOR.4_1	410.0160155314674
EST.4_1	2596.2092899880768
UMI.3_1	2.3369173038397544
HUN.11_1	5245.583666743224
IDN.9_1	37096.947318740466
IDN.10_1	34058.27781136579
IDN.11_1	47248.61476845105
AFG.13_1	11268.349312059825
MKD.84_1	183.70429120230673
KOR.12_1	1867.8535159045532
TUN.7_1	3275.6516689056834
ISR.6_1	501.78382620042674
AUS.5_1	75.98249328170013
IND.15_1	77947.88844507314
CHN.15_1	100090.85302308592
CHN.16_1	167798.32909646202
NGA.18_1	24022.601808575037
CZE.1_1	9979.57454615715
CZE.2_1	7091.2660678497505
DZA.23_1	2406.968101092144
CHN.17_1	191022.49796866305
UGA.32_1	1405.7413143992264
NIC.9_1	9454.05360978967
SAU.10_1	14965.13600589526
UZB.4_1	20873.241164505413
EST.5_1	2964.283853804818
UMI.4_1	2.455677312668115
MYS.1_1	19192.86979308487
ALA.3_2	121.44447664828492
SWE.7_1	11196.294692686814
SOM.9_1	18853.661406372703
SOM.10_1	48659.631440785946
ARG.10_1	53615.45511220839
SSD.3_1	120901.8128819595
PER.12_1	44105.80042156897
CHE.11_1	848.0784268382492
GTM.11_1	3323.2927432992487
SRB.5_1	4211.186549802503
SRB.6_1	4063.0278144223153
BWA.6_1	339.097131242098
TUR.42_1	14439.52714612804
UGA.12_1	1651.4265364431806
RUS.20_1	12535.298579076507
UGA.13_1	2278.400395410344
AFG.14_1	4419.550537543408
MMR.4_1	87970.87103488765
BFA.7_1	2833.736724837394
NGA.19_1	44510.29365248305
LKA.12_1	1669.1156046719466
SEN.4_1	11024.75930835586
EGY.23_1	3459.840170621853
JPN.17_1	1853.387867929465
TZA.6_1	29968.56060913501
JPN.18_1	7702.476363599947
FIN.3_1	24473.867831996853
TUN.8_1	6648.550004768772
GEO.5_1	11196.014236076702
THA.14_1	6843.628635306223
IDN.12_1	148150.43160227203
IDN.13_1	38632.51942402375
IDN.14_1	152035.00543935664
IDN.34_1	195722.69859131196
PHL.38_1	3073.4545618494567
RUS.21_1	13449.364544738522
SWE.8_1	11029.116741110864
RUS.22_1	73387.67663854916
RUS.23_1	29404.283518067557
LKA.10_1	1669.8234610866987
RUS.24_1	463775.60868401086
UGA.57_1	308.7974972545426
THA.15_1	8747.935160354093
KHM.25_1	9325.06325741816
KHM.4_1	5289.737657073246
KHM.5_1	6811.46327861808
KHM.6_1	13353.105607717922
KHM.7_1	4776.998164775136
UGA.18_1	2488.249422530817
JPN.19_1	2384.2244294935044
THA.16_1	19956.551494988213
AFG.15_1	53484.3047387165
KHM.8_1	3672.772523414772
TCD.9_1	67989.0593990081
PRK.7_1	11260.194069255702
GIN.4_1	16980.830417096506
NGA.20_1	20086.633691987136
USA.17_1	212824.857033407
UGA.19_1	1394.2590276460737
KHM.9_1	12664.857003173234
TWN.2_1	3022.034910603444
SEN.5_1	4859.364763546
AFG.16_1	1860.3009411873618
HUN.15_1	198.65041655750846
TGO.2_1	11588.570285167174
TUR.43_1	3965.3859822964478
RUS.25_1	14505.105751040748
JOR.7_1	3475.3086491556
UZB.5_1	165299.45451078
TUR.44_1	8987.833753112756
NAM.1_1	160187.219911777
IRQ.14_1	4949.4684616916275
MKD.14_1	229.18405808366012
BGR.7_1	4073.9067027530295
RUS.26_1	173923.9007702188
HRV.6_1	3294.1851373534582
CZE.3_1	3284.6404841036947
IND.16_1	191841.24071604983
TUR.45_1	10510.785328958716
BDI.8_1	1360.4504829780476
COD.9_1	153084.3374442999
COD.21_1	168855.71969805923
UGA.21_1	2849.965284449958
UZB.6_1	29156.365083765486
TZA.18_1	453.5329303710337
TZA.28_1	454.5418094647079
SDN.6_1	50672.04634774664
TUN.9_1	8403.750471867768
TUR.46_1	13130.617824457744
MWI.9_1	8409.427835311752
COD.4_1	486656.03764788323
TZA.7_1	47609.36423187417
NGA.21_1	23938.793152234884
LTU.2_1	8181.753159576882
MKD.49_1	968.9613304341009
NAM.4_1	43214.78672000478
MMR.5_1	11411.117807199229
PLW.5_1	13.233773989936113
BDI.9_1	1104.2434142643576
MLI.3_1	122994.36452330105
MMR.6_1	29390.646028073745
TUR.47_1	17541.63204948645
NGA.22_1	36311.76441240073
TUN.10_1	22530.782987982766
MYS.2_1	8707.186077751465
SEN.6_1	19180.394935767978
TWN.3_1	107.75967582771683
MYS.3_1	15084.327320233973
AZE.5_1	2771.008176894943
RUS.27_1	95174.0769255719
CAF.6_1	16398.059834405096
USA.18_1	104576.97812747356
IDN.16_1	6809.085001582539
IND.17_1	37724.107804343286
NZL.10_1	39.1838039219408
IRN.13_1	183180.49811355467
IRN.14_1	23448.33348768589
IRL.8_1	4798.7545801540555
BWA.7_1	105425.45752111434
BWA.8_1	7685.619744687622
RUS.28_1	787075.5161523967
RUS.29_1	59526.57611758745
LAO.6_1	15999.148311302952
VNM.32_1	4890.910524812894
RUS.30_1	533691.9081442124
UKR.8_1	31389.304409563112
SDN.7_1	21109.270594566256
TJK.3_1	24147.726036885386
DZA.24_1	9856.029912776543
UKR.9_1	26176.821480061248
UKR.10_1	20458.03436219203
NAM.5_1	36647.12443807901
THA.17_1	10696.342724603992
AFG.17_1	4033.5659567869216
BGD.4_1	21822.38953420372
IRN.15_1	63839.15789151966
UGA.24_1	4267.705019001921
UGA.25_1	1573.9403584607053
MKD.33_1	49.31802319834185
MLI.4_1	146451.8379020388
GNQ.5_1	3312.7498562819796
VNM.33_1	6400.666977207469
UKR.12_1	27022.748495254098
RWA.5_1	727.3053723024661
TZA.8_1	47472.19110623947
IRL.9_1	1720.3708545701227
TZA.9_1	13065.346328595158
LKA.13_1	1286.5076360675855
TUR.48_1	1352.2415249191743
IRL.10_1	2054.8176996544153
JAM.6_1	29.874733723093748
TUR.49_1	4665.160392334991
TWN.1_1	154.0406248572483
COD.10_1	11063.669849291604
TUR.50_1	6888.8958326029
RUS.31_1	120283.91940939927
UKR.13_1	24485.383473446538
TUR.51_1	6371.847184159184
BDI.10_1	1948.705750237597
UGA.36_1	3557.462793236491
UGA.26_1	838.9093423137232
UGA.27_1	4255.819878602412
LTU.3_1	5377.774970027623
COD.6_1	638.1402860364217
TUR.52_1	3989.1804174367667
JPN.20_1	7088.741434838871
NGA.23_1	29030.674012796782
IRN.16_1	13370.90412644384
LKA.5_1	679.6527745558309
MNE.9_1	856.3528427870483
SEN.7_1	13945.048560847552
SRB.7_1	2522.1717021907684
HUN.12_1	2281.3610248145865
RUS.32_1	417869.10753143165
GRL.1_1	49750.78791220645
GRL.5_1	544616.120405801
BFA.2_1	15296.547110535907
VNM.34_1	10955.21757945383
MKD.36_1	229.35299820735287
TUR.53_1	40261.54003687839
HRV.7_1	1674.1637618098287
ALB.7_1	3589.7296012418824
IRN.17_1	29631.149227554903
PLW.6_1	58.38346207526243
SVK.3_1	6817.859323896708
XKO.3_1	331.84218039269257
FSM.2_1	113.6877057713773
HRV.13_1	114.54290574466518
RUS.33_1	60209.58534763289
ARM.6_1	2123.3109743170507
MNE.8_1	292.4714702168722
GIN.6_1	3366.599118077421
BEN.7_1	2740.5222018326995
COG.5_1	13582.313119321669
THA.18_1	4389.433595374117
KHM.11_1	11924.503455304015
CZE.5_1	4760.293128056922
RUS.34_1	75036.84600418745
RUS.35_1	2329234.9271776695
MKD.58_1	352.71500952852824
GRC.4_1	8314.719831034912
MKD.38_1	510.5783721269188
MKD.48_1	92.62683781698799
KHM.12_1	1189.541855591865
KHM.13_1	1375.2300057748273
SWE.9_1	9380.03743657183
MYS.15_1	239.05544876654182
ALB.10_1	2310.2734291703337
JPN.21_1	7253.898638718816
PAN.12_1	2544.2578829011522
AFG.18_1	4657.253194693887
AFG.19_1	8004.8506211696395
NAM.6_1	116008.12286236766
RUS.36_1	72163.9176080756
RUS.37_1	30127.05933545606
LKA.14_1	4891.675256362032
TZA.19_1	469.87160290218605
TUR.54_1	12062.46137369311
POL.2_1	17795.909531543617
GEO.6_1	6418.400378957482
NGA.24_1	35692.934555381384
ZAF.4_1	93234.26563062356
BWA.9_1	36908.10903607129
UGA.30_1	1348.1647688665244
FIN.4_1	5479.496589710007
JPN.22_1	4611.043633393023
BGR.8_1	3174.811160622772
HTI.3_1	4954.819894709453
UKR.14_1	21876.665992718372
DOM.11_1	3190.1218919451653
CHL.3_1	33905.19179606174
ESP.12_1	7935.806499567198
DOM.12_1	1410.5430454380464
COL.19_2	20500.32596375202
PER.13_1	24447.743026903296
SLV.5_1	1706.9705824321986
ARG.11_1	142670.45776011026
BOL.4_1	133480.02945575828
HND.12_1	2602.155215098936
SLV.6_1	1150.8942834764928
REU.4_1	2582.425078305158
ARG.12_1	90435.85523576388
ESP.15_1	5331.777184382833
DOM.13_1	522.7432836314554
PHL.39_1	1594.3201980527506
SLV.7_1	1890.9207769767122
DOM.14_1	2290.828811312704
EST.7_1	2379.0724429627594
EST.6_1	3503.3284809719958
ESH.3_1	73553.11045142713
LCA.4_1	34.234433146354796
MYS.5_1	90.36213913192559
TCD.10_1	20335.339684684455
CIV.13_1	8804.0035171676
AFG.20_1	3894.1351257957876
DZA.25_1	27120.6911298967
NGA.25_1	3545.3686803348237
PHL.40_1	2443.8197637468897
YEM.15_1	12328.887628830871
VNM.36_1	5886.1228183057065
SSD.4_1	38280.25409708159
IND.18_1	34.11969650212916
VNM.37_1	9938.83005906114
PER.14_1	13578.021875025679
THA.19_1	12521.527271657302
THA.20_1	4065.3042831610137
IDN.17_1	32924.88524935521
PHL.42_1	3878.018166900983
VNM.35_1	7625.1274604975415
VNM.38_1	7926.53496923186
IRL.11_1	1703.8955934049004
FIN.2_1	98273.0331983686
VEN.14_1	18868.236413004037
XAD.2_1	862.4682017140632
ESP.14_1	4048.7764525720486
CUB.10_1	6515.030502006905
SYR.11_1	2406.64171797184
TLS.9_1	1865.7731437524558
URY.8_2	10143.11348713625
TUN.11_1	5254.69603308687
PYF.4_1	326.7207257174861
PRT.11_1	3509.6046644757134
IRL.12_1	1617.8265866636107
COG.6_1	20904.06283863107
HND.13_1	4295.116772925833
TJK.4_1	25845.66553023789
RUS.38_1	83154.43947602801
NIC.11_1	5328.208354890328
MDA.23_1	746.6893808120894
SRB.15_1	574.138130226778
LSO.3_1	2703.56158540434
SYC.18_1	1.53704544272691
POL.6_1	15616.635227956716
PHL.43_1	5318.730416426734
ALB.9_1	1626.9713942444473
BTN.6_1	2938.0135655854065
CHN.18_1	146514.77232818992
CZE.6_1	3198.336465041204
CHL.8_1	16639.52767283088
HRV.9_1	3761.9907177584655
MWI.10_1	199.47424536218261
COG.7_1	67077.19357046863
MWI.11_1	6327.294547165184
PER.16_1	32501.467797301775
PER.15_1	2714.8531598189925
NLD.7_1	2094.6657250878975
IRL.13_1	2688.2298346971634
CRI.5_1	9359.985780558987
ZAF.5_1	122263.4654664336
TZA.10_1	66417.30412616393
RUS.39_1	24303.437027153683
MKD.43_1	259.65586362108706
PRT.12_1	2741.086916913433
SVN.12_1	220.8364810009098
GNQ.6_1	7192.964893003047
BEN.10_1	57.74470142833716
CMR.5_1	20114.97690240024
BWA.14_1	19.622707218602656
CAF.7_1	18734.98808355321
POL.3_1	18545.125199088692
THA.21_1	10424.396728861244
LBR.8_1	9331.92854955446
AFG.21_1	4458.027175118271
TCD.11_1	8798.086909954833
TCD.12_1	22921.334315672342
FRA.12_1	6747.705998727129
ECU.12_1	11467.538703182297
VNM.39_1	4224.9349737176635
BHS.17_1	458.9547905161991
IRL.14_1	1110.1045159957696
THA.22_1	6480.466313595821
IRN.18_1	29119.168926969753
PER.17_1	373776.85688604985
ARM.7_1	3736.4187498048323
BFA.10_1	3628.4267659166194
CHL.9_1	47390.00742994594
CHL.10_1	16260.488786948235
ECU.13_1	7125.551735716462
PAN.9_1	3724.174566214442
LAO.7_1	9661.961630792184
LAO.8_1	19801.646644224682
SEN.8_1	25180.48321877242
USA.19_1	119548.27971991528
IRL.15_1	787.0620432988081
BGR.9_1	4134.384986688307
SEN.11_1	1472.7867971172143
POL.1_1	19658.705639027117
MKD.67_1	160.64098170428946
AGO.11_1	2802.493246866112
ZMB.4_1	49465.91049360969
POL.4_1	24679.790712815196
SWZ.2_1	5468.775780281803
POL.5_1	13962.053369122978
PHL.62_1	109.30285549923897
CHE.12_1	1462.5623765294129
UKR.15_1	26310.21432339672
AGO.12_1	105282.15673022722
AGO.13_1	77678.95567182603
ZMB.5_1	21747.54188515061
UGA.34_1	2116.3019277271037
EGY.25_1	12.295307868784905
UGA.51_1	1002.6804487928813
DZA.26_1	17652.54932338607
JOR.8_1	32890.98508253504
MWI.12_1	3922.4180357180767
SRB.8_1	3220.6463965809116
LKA.4_1	2613.3212879008397
PNG.11_1	29559.247528148495
PRT.13_1	811.3153080117276
IND.19_1	309518.6292676189
QAT.6_1	1012.4739248474323
PER.18_1	82563.79806414411
ESP.8_1	8000.803359241547
NIC.12_1	1603.3643551506789
THA.23_1	13593.04400553487
LSO.10_1	2685.741170823601
JOR.10_1	26723.105402218207
RUS.40_1	464037.8351722397
CHL.11_1	121833.61237529
COL.20_2	23025.164899223877
MMR.7_1	45913.61747002152
THA.24_1	5736.841105266922
GUY.4_1	36318.36653373613
NPL.3_1	7207.208653100402
LKA.20_1	1950.2936587425047
TUN.12_1	2911.069434109887
USA.20_1	84338.25370953258
CPV.3_1	268.8251838230867
BDI.11_1	2448.047270175181
SLB.6_1	3096.240664275032
SAU.11_1	138263.65324848032
VUT.1_1	2852.2302920628854
AGO.14_1	85140.11709777683
TUR.55_1	11831.34760774194
URY.9_2	4813.753088752604
IDN.19_1	44947.89125557109
IDN.18_1	31363.862457421368
CAF.8_1	30104.94997341319
ECU.14_1	19258.95070606594
NIC.13_1	4231.878933050122
TLS.11_1	1758.468163099852
NZL.7_1	22363.721884165723
JAM.4_1	816.8580296368926
MMR.8_1	36817.29540430373
PHL.64_1	11.16015558609724
TCD.13_1	17265.381841812312
COK.3_1	38.64826533507443
KAZ.6_1	164748.24400987287
MWI.13_1	8623.914243747658
BHS.18_1	439.42430446793554
MOZ.4_1	63742.91293324487
ZWE.3_1	34772.026497643245
COD.17_1	127389.82608964843
COK.4_1	2.4233589266719817
IND.21_1	21668.901834708882
TUR.56_1	12932.522866653335
CAN.3_1	652605.0819135107
LKA.15_1	1980.3420215053882
ASM.2_1	45.967385327895165
TUN.23_1	1633.3207456489238
PNG.12_1	1941.1323940177717
TZA.11_1	45149.92133965349
SWZ.3_1	4229.26531997725
MOZ.6_1	24020.44640218008
MOZ.5_1	99.36536280949974
TZA.12_1	28552.40217943205
NER.4_1	39441.50573344078
ROU.27_1	6440.396971585096
BRA.10_1	326134.4610149842
TUR.57_1	10095.29678044282
LBR.9_1	2343.7883916632054
DOM.15_1	1347.2308552401255
YEM.16_1	17089.24294422441
LTU.4_1	4733.049063340072
PHL.45_1	890.4840827289224
TGO.3_1	6180.966545469973
RUS.41_1	23419.276835058303
IRN.19_1	28176.10863039768
NZL.8_1	10782.472419547015
SUR.4_1	4597.810320920867
PYF.3_1	1074.4333059503026
MAR.8_1	32085.723616247597
MTQ.4_1	1097.459353108428
TKM.5_1	85263.99004865093
LBR.10_1	2366.632916933454
USA.21_1	25466.97350362874
PHL.46_1	3928.2713283715893
DZA.27_1	5773.905948995402
LSO.5_1	3836.826586688962
ZWE.4_1	27708.86534726797
ZWE.5_1	32623.900605486862
ZWE.6_1	57321.94501571433
POL.7_1	34985.15998449131
USA.22_1	21161.448315661586
ZWE.7_1	55900.086777832184
ZWE.8_1	76133.87843057695
ZWE.9_1	54499.49852056169
NIC.15_1	8607.087562616598
LKA.16_1	2090.508053163955
SEN.9_1	30199.5282293547
CUB.11_1	11761.759784425221
LKA.17_1	1306.8290222116143
ITA.3_1	3435.393928226104
BRA.12_1	902951.7829707582
BRA.11_1	356041.50987318775
EGY.24_1	158819.17991027853
COK.5_1	12.640332410892963
CHL.12_1	28276.603058511817
LIE.11_1	3.531360408124924
TUR.60_1	7751.401075790779
MKD.47_1	720.7833450491677
CUB.12_1	3768.404025487484
BHS.19_1	287.08757134736635
IRL.16_1	5552.331119531477
TCD.14_1	18072.88243342962
TCD.15_1	13270.464555927658
MYT.10_1	394.8986552917421
IRQ.15_1	16141.900305357944
IRN.20_1	24754.009994803026
TZA.13_1	58548.9582527685
CAF.9_1	59915.88948859623
MWI.14_1	3436.207694621254
IRL.17_1	2344.7091151287627
DEU.8_1	23207.60556028086
DZA.28_1	9050.204354661868
TUN.14_1	8162.712871305579
IND.22_1	23120.97583958744
ROU.28_1	4932.38984153396
MAR.9_1	58937.95123551278
MYS.6_1	1685.3725444505405
PLW.10_1	16.444288526094198
MAR.10_1	18.096430856895445
ARG.13_1	150803.95448542864
NRU.3_1	4.618889710189931
VEN.15_1	11595.926668800936
TUR.58_1	15291.997249663298
COL.21_2	86220.33575163956
MEX.15_1	21825.728582541367
USA.23_1	250101.97932957255
MEX.16_1	58881.081236554906
TCA.2_1	134.2338163639946
ZWE.10_1	48990.81187933571
DNK.2_1	13190.925577645407
UMI.6_1	3.5076738703467845
JPN.23_1	5819.469366256454
DZA.29_1	3550.7663132296666
PNG.13_1	13737.98457706927
BRA.13_1	586372.1695527317
PHL.57_1	5937.835320092719
PHL.58_1	4191.226346645442
USA.24_1	224777.77504115136
BLR.5_1	39458.26983701566
SPM.1_1	212.76342678998947
VEN.16_1	9063.964514053556
PHL.48_1	2034.939037730012
PHL.49_1	2943.4196572262686
ARG.14_1	29432.492909519304
PRY.14_1	8695.299308012834
LBY.15_1	49723.48050721181
USA.25_1	123805.87718143708
USA.26_1	180474.72026325233
COK.6_1	20.182333918002605
UGA.43_1	1569.288247117244
JPN.24_1	7502.2262976917955
JPN.25_1	7856.470802567533
LBY.3_1	88766.37732098767
IND.23_1	21242.487652153228
BLR.4_1	28730.925775552056
LSO.6_1	3339.0962731593836
LSO.7_1	3835.8168405078163
MMR.9_1	10668.408826334473
VEN.17_1	27871.080838154892
IRL.18_1	1274.183117209774
LKA.18_1	5743.917115418852
TUN.15_1	1005.4184276649638
KHM.14_1	13423.74112103529
BTN.7_1	1977.5190839695986
DOM.16_1	975.7652933446939
SYC.14_1	1.3539760985027551
BGR.10_1	3840.274993203686
USA.27_1	379494.6268220713
DOM.17_1	1927.3455928979058
DOM.18_1	2652.0393488390037
URY.10_2	539.7719224103852
LBR.11_1	1777.8838733164425
BHS.20_1	14.041401184079646
MLI.6_1	82006.75516632624
PER.19_1	15178.722697540068
SRB.9_1	3052.7140810930814
CZE.7_1	5618.476402515146
SLV.8_1	1303.5112121958737
RUS.42_1	25916.94818374573
NOR.8_1	14615.292933572526
MEX.17_1	5079.889676596642
PNG.14_1	34344.38907620674
TZA.14_1	68769.9256997081
ECU.15_1	23444.364627193278
UGA.40_1	2305.6022482552703
RUS.44_1	44001.75788030483
RUS.43_1	2854.324883645897
DZA.30_1	2229.1827151843454
CPV.13_1	98.02069868988038
COM.3_1	198.9607185580969
PHL.50_1	2040.0462351474018
AGO.15_1	199093.6231962294
TCD.16_1	41808.11887715468
CIV.3_1	6783.542173784956
GAB.3_1	17856.60242643797
UGA.41_1	1674.7646782350487
ZAF.6_1	77355.4549408789
GEO.7_1	6960.097615840097
TZA.15_1	17752.485886868133
KWT.5_1	70.18405552700425
SOM.11_1	59236.001387952245
TUR.59_1	12856.831056569044
THA.25_1	4091.197331142693
MWI.15_1	1799.8938823357328
LKA.19_1	2542.8216490369946
BDI.12_1	827.3008741100922
ESP.18_1	11309.560487528186
ROU.29_1	6544.326249157265
RUS.45_1	143795.67787476073
LBY.16_1	283344.89439206774
OMN.10_1	1677.5248747304788
OMN.11_1	4620.556152613184
BDI.13_1	1677.4596558541703
MWI.16_1	888.462589120625
TZA.16_1	26801.552911822222
BDI.14_1	756.2115148718792
UKR.16_1	23547.394416314703
MWI.17_1	10967.855858638964
CIV.6_1	19462.51855432917
PAK.5_1	74954.46670764072
DZA.31_1	30768.955480086966
TUN.16_1	2917.1287553717184
IND.24_1	16271.567557214757
JPN.26_1	13696.466184342706
JPN.27_1	3990.7939871675803
KEN.30_1	762.4565494562676
SAU.12_1	89529.54792679017
UGA.46_1	3646.630495600153
THA.26_1	2196.628342206467
THA.27_1	2103.9328674215353
THA.28_1	5721.967610049131
THA.29_1	20760.081520829288
THA.30_1	9759.32910414549
THA.31_1	10296.500050484561
VNM.40_1	1537.5486546451036
UZB.8_1	7638.787279555968
AGO.16_1	58005.15854452071
MOZ.7_1	78197.72852094224
THA.32_1	11721.881519280196
CAF.10_1	19697.892746063524
CAF.11_1	27282.908873106262
AFG.22_1	7338.301521800378
ECU.23_1	3390.183450763417
JPN.28_1	3851.0413564004343
THA.33_1	4428.832607702552
COL.22_2	30932.891033277298
KGZ.5_1	45414.77747798604
NGA.26_1	26155.137151696737
PNG.15_1	237.78767801033254
GRL.2_1	876430.2452549959
ESP.9_1	10093.484197302107
UMI.7_1	4.829564826439619
UZB.9_1	110059.78394821136
MEX.18_1	27164.784328773476
ROU.30_1	5635.421611324576
UGA.47_1	2204.9053565072013
USA.28_1	200968.37557405658
PRY.15_1	11784.212360665992
MYS.7_1	6693.638618758498
PHL.52_1	5337.449856088686
RUS.46_1	177360.59667937434
MWI.18_1	1716.0649704858934
CHE.13_1	845.9690640687847
ARG.15_1	94685.52690781436
ARE.2_1	124.20388529877185
USA.29_1	287085.64485601796
TUR.61_1	5296.59538875557
CAN.4_1	72702.58222086114
USA.30_1	24266.468662071344
PNG.16_1	9337.440186484848
USA.31_1	19667.496641793692
USA.32_1	315076.6359232608
BHS.21_1	193.1246527706499
USA.33_1	136933.13360033574
CAN.5_1	403321.9254779693
PLW.9_1	31.39206847651577
PLW.8_1	13.354428218222617
PLW.7_1	38.686264092665674
PLW.2_1	31.592266225161076
VNM.41_1	17048.64951979603
PAN.10_1	6133.106701423724
GAB.4_1	37435.11096834643
BDI.15_1	1455.8189873019057
NER.7_1	672.560005721735
COG.8_1	28122.492281310297
MOZ.8_1	129469.467939477
NRU.14_1	3.4808704614279717
SUR.5_1	5166.669515523004
CYP.4_1	2037.8891313913355
CHE.14_1	271.65045622485496
AUT.3_1	19098.889857734703
TUR.62_1	6656.5624993352085
NGA.27_1	70501.13869665292
JPN.29_1	12452.998102816391
MNE.12_1	2061.567544371132
LBR.12_1	11322.014082203621
AFG.23_1	42089.75144624838
IRQ.16_1	37866.94026950733
CHN.20_1	52134.71557280011
VNM.42_1	1268.3095745168284
VNM.43_1	3306.821926234969
HTI.4_1	1203.4313797388174
SRB.10_1	2740.938665201793
MDA.24_1	834.73335474646
SVK.4_1	6166.809816095643
TON.3_1	56.12654017764854
RUS.47_1	75075.70973239059
TZA.17_1	21919.46504615029
MWI.19_1	10602.46422110188
MWI.20_1	7927.192996578802
HUN.13_1	2367.67738591642
THA.34_1	4244.839590289577
THA.35_1	3440.2892586221355
THA.36_1	592.3749957200786
NLD.8_1	5201.144048168232
NLD.9_1	3486.0144890302945
CMR.7_1	66697.12810520042
HTI.7_1	2049.8390847383716
NCL.2_1	9511.660667686572
HTI.5_1	1558.5939591477957
COD.19_1	59658.5564679129
CMR.6_1	17066.772190244345
HTI.6_1	2099.6158390961114
NOR.9_1	21821.78737556568
DNK.3_1	7920.6667063698005
NOR.10_1	37313.34121728063
DEU.10_1	34537.87157807981
ISL.2_1	22340.8329168115
ISL.4_1	12599.156478813698
SWE.10_1	104857.17008620483
COL.23_2	21866.475239683365
KEN.46_1	126581.06037498683
BWA.12_1	133312.56508703507
ZMB.7_1	125398.20060856233
BHS.22_1	253.46316976987075
BHS.23_1	2474.903362777277
SSD.8_1	37908.24936016687
GMB.4_1	2144.078566760623
TCA.3_1	97.78192396264124
USA.34_1	127661.48630170106
KOR.2_1	7660.630412225661
USA.35_1	182745.36219336
SDN.8_1	291611.9331924663
BHS.24_1	178.4147620122185
KOR.9_1	18623.14296084922
KOR.13_1	8248.010720148366
FIN.1_1	21391.294718049987
KAZ.7_1	98587.91606758308
IRN.21_1	25134.213598260034
SDN.9_1	243498.48393182212
LBN.1_1	1989.332721905366
RUS.48_1	7972.083841700403
AIA.13_1	7.026354438260078
PNG.1_1	9403.814302986635
IRL.22_1	2177.563793854515
SGP.5_1	95.59847021920702
ZAF.7_1	116334.10438571266
MKD.66_1	491.0561931929054
FJI.3_1	6337.8624405751725
GHA9_2	69420.28640120708
PNG.17_1	23051.098687172136
RWA.1_1	3239.577139961538
SDN.10_1	362808.91205788066
SLE.2_1	35759.94999216341
ZMB.8_1	69098.2973378992
Z06.6_1	65244.47346419799
ZAF.8_1	362262.54589373583
MNP.1_1	239.91410914684892
PHL.54_1	3112.758131873112
AUS.6_1	1348472.0108937104
NZL.11_1	12263.390836340886
CAN.6_1	1348367.4914794653
GRC.1_1	5037.9834031705295
MRT.10_1	1524.8081120108718
CAN.7_1	55108.37226540215
MKD.50_1	731.0033198820042
RUS.49_1	55161.40317802949
RUS.50_1	177922.79434875379
MOZ.10_1	1995.5753607342883
MWI.22_1	3712.8007816329696
MWI.23_1	1924.1314134457111
UGA.48_1	1927.1932529675532
PHL.55_1	5407.980251188045
VEN.18_1	1107.2654602617824
NIC.16_1	3321.5565049416714
PHL.56_1	3775.3533966262626
MEX.19_1	64983.98209882967
SOM.12_1	29726.681348574468
CAN.8_1	2079890.9037735772
AFG.24_1	8879.91484770489
IDN.20_1	19644.70068995689
GAB.5_1	20052.11037135779
KEN.8_1	16577.550013473894
HUN.16_1	342.7734829297257
MEX.20_1	92157.30735067943
AUT.4_1	11885.742819461653
DJI.4_1	4619.606141933594
CHE.15_1	483.04094181008577
HND.14_1	1679.9060409196481
UKR.17_1	33171.555805630705
IRL.19_1	2026.2803772367324
GAB.6_1	42836.00686706011
GAB.7_1	28988.99712218052
GAB.8_1	21451.088234605286
NGA.28_1	16207.703264551274
NAM.7_1	10940.71177676287
USA.36_1	116044.3053959646
MKD.42_1	591.1858018295078
JPN.30_1	6550.494014054685
JPN.31_1	6934.878595623787
JPN.32_1	3296.639210541874
USA.37_1	180638.8075637564
HND.15_1	23893.565447055054
CZE.8_1	4955.107020081023
PHL.78_1	190.00753522269343
ROU.31_1	5225.59123501648
NAM.8_1	83463.51781710204
CAF.12_1	31712.382569264857
MNG.15_1	166369.7162825587
RUS.51_1	141496.2838234119
NAM.9_1	26620.126779325645
NGA.29_1	14522.39820614008
CAN.9_1	1077573.1691894291
POL.8_1	9201.004272339333
NOR.11_1	24914.13317988872
ZAF.2_1	129714.47154746081
BLZ.4_1	4713.963603182908
TUR.63_1	5867.172798253908
SWE.11_1	9848.15514591334
USA.38_1	251885.23790735763
RUS.52_1	24738.86963091948
ECU.17_1	21252.478219195196
RUS.53_1	125108.32106724604
MDA.26_1	1078.298845704178
MNG.16_1	710.596849313816
COD.1_1	500467.4407457771
IND.26_1	155188.05226510236
ETH.8_1	325607.986837477
BOL.5_1	55062.15493109015
JPN.33_1	1854.9984786749312
NAM.10_1	8497.605874786896
NAM.11_1	38486.30338743783
HRV.11_1	3582.9465099732006
NOR.12_1	783.0592188212853
TUR.64_1	2910.6538267507326
SWE.12_1	11942.292354378462
NOR.2_1	4179.669612372789
NGA.30_1	9224.517654981471
NZL.12_1	32919.69243677697
KHM.15_1	3667.407164484057
NAM.12_1	104336.70869998947
TCD.17_1	31018.771904340105
CAF.13_1	49187.04202194277
DZA.33_1	211120.86561221594
BFA.12_1	10000.971699461701
LAO.9_1	11630.034219145122
ESH.4_1	75510.4579108021
CMR.8_1	14079.939343871558
HTI.8_1	4968.324374787714
CAF.15_1	53416.1158936481
CAF.14_1	31850.382022701164
DZA.34_1	6335.067857165139
SYC.20_1	178.6409338555284
NLD.10_1	3344.5246585244267
MNG.17_1	62750.80072214904
NGA.31_1	27507.74972634226
PRK.9_1	12237.555328170729
PRK.10_1	12354.881125132933
PRK.11_1	2706.0140713365213
BMU.9_1	5.847931453022242
MYS.8_1	35889.42473937993
AFG.25_1	18819.883046106926
AFG.26_1	5409.327264238078
WSM.7_1	514.8420105062061
PHL.59_1	11866.574130825886
UMI.8_1	7.051589838865995
MUS.9_1	196.22429337661052
BOL.6_1	63705.11801032513
LTU.5_1	7740.716564122588
CYP.5_1	1365.0643362105318
IDN.23_1	312595.72834561625
BRA.14_1	1230800.069063164
SUR.6_1	5753.830027527373
PRY.16_1	8947.94801549031
BRA.15_1	56515.81075427705
BRA.16_1	198665.9538889411
CZE.9_1	4384.8049930962525
EST.8_1	4865.179434858939
BTN.8_1	1264.9049702393904
AFG.27_1	3688.4147414966706
AFG.28_1	5611.68349280581
PER.20_1	23820.23901253506
ECU.18_1	29129.953153566814
THA.37_1	1478.0750291119653
THA.38_1	2001.5700381088498
CPV.9_1	37.393450802753925
KAZ.8_1	124097.0746191302
URY.11_2	14055.753445763494
BGR.11_1	4311.204878372703
SRB.11_1	3454.7286202502096
DOM.19_1	2087.529604503199
PLW.15_1	22.243038571237086
BTN.9_1	474.6627567556174
TTO.9_1	239.02475694795572
VUT.2_1	1214.2448022058031
USA.39_1	119356.8751421538
COK.8_1	11.418731340753794
RUS.54_1	43397.519779564296
MYS.9_1	20785.23168661858
DOM.20_1	773.6594663953572
MYS.10_1	1222.1326656046715
RUS.55_1	161325.88144453103
BRA.17_1	97630.22073119608
BGR.12_1	2402.188304559868
ITA.18_1	6380.104600861778
HUN.14_1	6292.106649273766
GTM.12_1	36060.073916334004
MWI.24_1	1442.5047930085943
THA.39_1	4055.420929149538
THA.40_1	3193.913728447216
THA.41_1	5994.450947582212
THA.42_1	12433.82149054471
THA.43_1	6513.379248014185
THA.44_1	4244.785414942094
THA.45_1	10507.313354121445
KHM.16_1	396.7653433261187
LAO.10_1	15277.32656609854
THA.46_1	2486.4761337228024
THA.47_1	6595.53225744801
VNM.44_1	3425.403180839472
VNM.45_1	5099.944749043209
THA.48_1	557.0384931373119
BRA.18_1	252011.27127833056
ECU.19_1	9377.598702651523
CUB.13_1	11082.663928740913
SRB.12_1	2670.2089097026665
GRL.3_1	661.3289799121094
PER.21_1	36218.841312102035
MUS.12_1	142.13193461179543
LIE.1_1	5.907039875669479
MKD.40_1	62.01083335904026
BEN.11_1	3079.0633239459967
NGA.32_1	27570.5778254615
COG.9_1	39822.437024278464
TGO.4_1	17212.587405903396
MNE.13_1	507.8423841188507
BGR.13_1	4434.737486742527
MNE.14_1	1325.0831830239945
BGR.14_1	5566.290027204944
MNE.15_1	879.2117711769257
CZE.10_1	7856.33368179204
MNE.16_1	1437.2914913634295
POL.10_1	21079.31039722779
SRB.13_1	1393.3478752146893
FSM.3_1	398.27039866387355
TTO.13_1	26.904523535284042
SYC.21_1	1.720457009210229
LKA.21_1	3442.390852895401
UKR.18_1	28378.832651307504
EST.10_1	2255.034030124996
POL.11_1	18650.634521594642
GUY.2_1	47967.846360937285
SRB.14_1	2599.397364029048
MUS.7_1	15.288090993898988
TTO.4_1	14.524153508449912
PRT.14_1	5969.262119007425
JAM.5_1	828.7638792672063
PRT.15_1	2310.3356528253653
CPV.6_1	543.1311994623403
VEN.19_1	17693.69295473872
GUY.8_1	20575.559829697486
BOL.7_1	117801.64343559276
KHM.17_1	12624.604965801738
THA.49_1	4619.430406105074
THA.50_1	6928.837700787441
CZE.11_1	516.7754517575988
ROU.32_1	4646.3557598134175
CPV.10_1	55.36982143161249
LCA.8_1	53.57313822829723
KHM.18_1	13556.823713303658
PRY.17_1	73738.25994017727
SVK.5_1	8698.522315973405
KHM.19_1	4836.09546120858
MKD.57_1	1167.905030200931
RUS.56_1	165297.03696534966
CAN.10_1	5732.95808704274
STP.1_1	156.26684636915428
TCA.4_1	120.99382493764293
RUS.57_1	55879.250844634975
IND.31_1	526.3082450452957
MEX.21_1	34590.80089355864
DOM.21_1	1813.8777822206782
PRI.52_1	9005.976495638546
COK.9_1	1.4087290950654745
MYS.11_1	1018.298265666775
BTN.10_1	964.955044601943
CRI.6_1	11131.382225964713
MYS.12_1	52.13990873927969
LKA.22_1	3234.228723676861
COL.24_2	25391.34154423429
TZA.20_1	31634.31253381902
LSO.8_1	2022.6381818052255
KAZ.9_1	429376.897956994
ARM.10_1	750.1806208510077
IRN.22_1	15640.126830010406
GRL.4_1	104503.59927797924
CHN.21_1	714466.7216810068
IRN.23_1	11604.79973933254
KAZ.10_1	200803.4396116555
VNM.46_1	8314.36817823764
VNM.47_1	10990.817773630692
VNM.48_1	4592.672625030154
VNM.49_1	5316.485844161059
VNM.50_1	4994.916961173917
CAN.11_1	1505508.7446591912
AUS.7_1	1730150.2676247377
MEX.22_1	11700.039332808232
GTM.17_1	1915.110649544226
GTM.14_1	7053.924067725264
GNB.8_1	2560.367824859168
COL.25_2	1885.8592984001054
MEX.23_1	43875.493718750964
ISR.1_1	307.2242315133767
LSO.9_1	2845.4785245720163
KAZ.11_1	223071.0303147649
MAR.11_1	9531.130358701877
GEO.8_1	5164.985869468063
MKD.59_1	492.82426797732103
BHS.25_1	15.908793465630472
MHL.1_1	81.48256868101373
IND.29_1	343082.52132662194
BGD.5_1	18843.74208621905
COK.10_1	1.4321098394218683
MMR.11_1	34603.41622412766
BGD.6_1	15392.66641418101
MKD.60_1	270.16594650946615
THA.51_1	3444.475352858941
EST.11_1	2929.9136064739705
COK.11_1	64.16480069684887
ARE.5_1	2567.418290546919
SRB.16_1	3759.1448319227775
PRK.12_1	740.946881371663
MHL.23_1	83.33981341106669
THA.52_1	5420.306644418711
LKA.23_1	3305.1988102200917
YEM.17_1	1867.3730731612816
THA.53_1	3660.676002727458
IRN.24_1	136915.97148415056
BGR.15_1	2581.902267090128
SDN.11_1	200286.093900495
ATG.2_1	0.3691296108067036
CHL.14_1	16079.735421887446
DZA.35_1	4904.7795481887915
SLB.8_1	669.6426696431198
GTM.15_1	1994.1980110867353
MDA.27_1	656.5624328346672
DEU.11_1	20096.41450650359
USA.40_1	2829.016688271321
IDN.24_1	88265.47370986952
CPV.22_1	229.73691597889257
CPV.15_1	139.72285221872926
SYR.13_1	18147.49869981751
KEN.1_1	180861.73329610264
TTO.5_1	880.3760938934822
BRA.19_1	43978.05331389287
BRA.20_1	52811.737259815025
BRA.21_1	272283.0888952204
ARG.16_1	202639.84042156144
URY.12_2	9486.79998086344
NIC.17_1	9685.383850986776
COL.26_2	3535.1145259720597
LBR.13_1	5275.956720179302
LBR.14_1	5022.5617271098745
SDN.12_1	126471.70858706674
URY.13_2	9371.13962043895
NGA.33_1	8437.096219342255
MUS.6_1	145.7093274303856
UKR.19_1	20293.337836567407
TUR.65_1	3778.034925140566
URY.14_2	10830.505233015385
MUS.10_1	99.26114047725677
NOR.13_1	9181.259218100635
THA.54_1	7718.191308590121
PHL.65_1	1236.9822166244708
BRA.22_1	237942.45481441566
BRA.23_1	224746.44722005742
IRL.20_1	2503.529355978745
RUS.58_1	101463.66195431685
MNP.2_1	96.98637807552386
FJI.4_1	39.541235208103416
MNE.17_1	393.82300996238325
UGA.52_1	1822.9993120346685
TZA.21_1	28222.58118122958
BHS.26_1	91.52710047055197
MWI.25_1	6667.74670669931
BGR.16_1	2837.127349758789
BDI.16_1	1680.5368875975726
TZA.22_1	63978.36341335883
BDI.17_1	2189.6019053420227
PRK.13_1	13888.273886397772
RUS.59_1	39595.75245520273
THA.55_1	7083.524067618918
EST.12_1	2981.602691645177
DEU.12_1	2654.180057125673
BES.2_1	7.064324343513966
MYS.13_1	73841.88379146442
LBY.18_1	17231.525920385666
DEU.14_1	18166.833641871155
DEU.13_1	20665.21001963936
YEM.18_1	13444.372769533775
MMR.12_1	96689.77013344194
DZA.36_1	9260.695221288506
SEN.10_1	19000.466485740693
SPM.2_1	29.986422966697692
BRB.11_1	36.01771878616613
DMA.5_1	198.26939719563745
GRD.7_1	75.45092292402077
JAM.3_1	438.99026793722925
VCT.1_1	33.66110628006172
JAM.7_1	1251.025189124213
KNA.1_1	16.541636494243622
MSR.3_1	50.4454228283968
BLM.2_1	24.423261174697878
JAM.8_1	1154.7619634627288
VIR.1_1	213.43384918405584
GRD.4_1	41.12556672220707
JAM.9_1	1154.5273167767623
ATG.8_1	27.872143779991806
DMA.7_1	53.52965451677084
GRD.5_1	83.46600120929956
VCT.3_1	55.392105629160405
KNA.11_1	34.97877427622795
KNA.12_1	16.937844602921487
MSR.1_1	17.219069092672825
SHN.2_1	124.92317588338089
BRB.8_1	42.513322199899136
JAM.10_1	663.2066210183073
KNA.7_1	32.49136349653387
ATG.7_1	75.76177494175768
DMA.10_1	65.0498165816977
VGB.4_1	59.42856403998566
KNA.8_1	21.243548825335385
KNA.5_1	17.019855399715425
BRB.4_1	25.22441191594291
DMA.1_1	115.04742367569065
BRB.2_1	37.75380955096114
DMA.8_1	3.448954276261324
DMA.3_1	10.579754805441619
ATG.6_1	57.992200205924036
JAM.11_1	635.0698483935505
KNA.13_1	9.57030098475957
BRB.1_1	40.110239935084344
GRD.2_1	41.087937489799735
VCT.4_1	45.610616672957896
ATG.5_1	50.729224808474065
DMA.2_1	61.72406704546404
ATG.3_1	31.642656967928886
KNA.14_1	15.008324928010463
BRB.9_1	34.8029926105907
JAM.12_1	714.1386197933085
VIR.3_1	81.88603885516453
KNA.4_1	17.959264107242586
KNA.9_1	29.670049971663417
MNP.3_1	132.43808196137334
JPN.35_1	3884.5540703796446
TUR.66_1	4256.703937755534
RUS.60_1	3073324.669225831
RUS.61_1	85964.64329565127
THA.56_1	9556.57564582227
CPV.11_1	199.1867773646407
IRQ.17_1	25513.76043736361
ROU.33_1	3857.757011351387
TCD.18_1	69970.64724494229
MWI.26_1	4163.259725095759
TCA.5_1	5.044507452324391
ARG.17_1	155449.4055155089
URY.15_2	14309.195825506487
AUT.5_1	7205.544780158923
DOM.23_1	963.5874703750618
AFG.29_1	13207.409935016609
PHL.66_1	5579.651110516081
RUS.62_1	53291.55242241595
UZB.10_1	16511.806290252458
BTN.11_1	2178.486926113081
GEO.9_1	7576.6519463472805
TUR.67_1	9468.564605976233
GEO.10_1	6531.845441254952
THA.58_1	842.8096598742259
THA.59_1	414.8779775108677
COL.27_1	38.00435474058062
DOM.24_1	1201.6047290012643
CRI.7_1	5006.962794669531
URY.16_2	4914.187830614653
DOM.25_1	837.9572811262021
ARG.18_1	87851.28044151783
DOM.26_1	3325.0518616682766
TTO.2_1	214.44954943220824
ARG.19_1	77364.17216338361
MEX.24_1	64201.72827988123
PER.23_1	52693.44796377364
SLV.9_1	2097.4949984128452
PRY.18_1	21063.391964291648
BHS.27_1	156.65761631009818
SLV.10_1	873.1320250916687
SLV.11_1	1181.786156618397
DOM.28_1	1195.762020584734
CUB.14_1	6692.686556519985
PNG.18_1	37163.711173948985
AIA.14_1	1.145156992324829
AIA.3_1	11.589815874258921
COG.12_1	57566.43384481192
CAF.16_1	18015.829968178266
TTO.12_1	898.885158638949
TUR.68_1	19934.416809520004
VUT.3_1	4327.589295259594
AND.1_1	76.91898923137713
SLV.12_1	2103.8349206206694
HND.16_1	5084.544405787787
BRA.24_1	95097.10617428356
CPV.19_1	278.66001512511684
CPV.4_1	70.71832088982106
ARG.20_1	244142.5182667
BOL.8_1	362070.8197312637
ECU.20_1	4174.988311208513
ARG.21_1	132674.48319628142
GTM.18_1	3093.8823080002635
COL.28_2	30768.117486502073
PRT.16_1	6743.97509242373
DOM.30_1	2789.436016623131
CUB.15_1	6170.414921500998
ARG.22_1	134924.36909229477
DOM.29_1	1096.6504993890544
ECU.21_1	3941.0897626268115
CPV.14_1	112.95901602058554
CPV.16_1	291.49275034989597
CPV.12_1	70.19574251611805
BRA.25_1	248638.31507282937
STP.2_1	880.8892902449188
CPV.20_1	264.2833467178481
THA.60_1	3019.018513317779
MKD.63_1	233.24826801571774
SUR.8_1	3901.4399503656823
PHL.67_1	3012.427997464624
RUS.63_1	102087.0678633765
LAO.11_1	10001.540692149249
MYS.14_1	122557.09581866485
AFG.30_1	16128.510455723088
CAN.12_1	650876.009897936
ROU.34_1	4684.239802409855
THA.61_1	2539.659676940173
WSM.11_1	143.2793194774065
CIV.10_1	40107.30280947092
TGO.5_1	8653.483426005163
LAO.12_1	21113.03113384054
MNE.18_1	545.3223702363205
LIE.6_1	24.894243030951024
LIE.5_1	2.6224162366409303
DEU.15_1	15436.189179092557
CHE.18_1	908.8323042980232
MLI.7_1	61432.994408930805
KOR.3_1	418.57713295040514
MNG.18_1	41839.41127200343
UGA.53_1	2389.221352907364
ERI.6_1	22374.06973908297
IRN.25_1	90398.70164206867
SDN.13_1	36191.7582738603
HRV.21_1	104.1325772325812
KOR.16_1	577.7894532856941
UGA.55_1	1611.8861668014522
BRA.26_1	21606.364292547612
DZA.37_1	6192.08308519115
PRT.17_1	5120.838665962278
SRB.17_1	1661.293080562004
SRB.18_1	2253.604844569481
TUN.17_1	7070.864747002096
CHN.22_1	205731.21979442908
SOM.15_1	25672.394830279754
YEM.20_1	38220.71420837001
EGY.26_1	27263.339259531997
MMR.13_1	154583.1770666483
CHN.23_1	155914.81847077826
CHN.24_1	6746.10233863598
CHN.25_1	156093.6727901571
VUT.4_1	1463.68324676181
BTN.20_1	2107.6660974732904
GEO.11_1	5742.885740810527
JPN.36_1	4008.7617403683166
JPN.37_1	6877.516154660885
TZA.23_1	20122.433591475077
ARM.8_1	2886.927779743988
SWZ.4_1	3838.698142072914
JPN.38_1	7668.514124817403
BGR.17_1	3359.660543386002
THA.62_1	8851.099392541919
LTU.6_1	8554.522866295261
HRV.14_1	1761.754052485166
ROU.35_1	5570.361163541365
CHN.26_1	484814.8094974277
DZA.38_1	7637.62572957836
TUN.18_1	7497.668057688048
KHM.21_1	14063.038409312354
WLF.1_1	33.73458332129276
TUR.69_1	6465.369496179291
MLI.8_1	70918.55358537834
IND.30_1	6942.342297246182
TCD.19_1	37379.63768480295
POL.12_1	12248.562439147969
BGR.18_1	3059.6645241467913
TZA.24_1	24528.4136726212
MEX.25_1	57716.04109780659
PAK.8_1	140649.14598255546
THA.63_1	850.9095789305777
MDA.29_1	986.4928256890541
TZA.25_1	48939.35714680153
LBR.15_1	9059.285964813935
TUR.70_1	6224.774809250907
SUR.9_1	111563.78291065629
TTO.7_1	517.2098669822161
PHL.68_1	326.28423557722164
TUR.71_1	6410.720166394005
UGA.54_1	404.2152791922884
HRV.15_1	5064.106550631903
IRN.26_1	174611.4378516665
TUR.72_1	28116.822187806665
DNK.4_1	7176.096375808564
SWE.13_1	11482.212020562389
DZA.39_1	4097.0319986166605
MKD.77_1	197.28754633728147
IRL.21_1	1833.9833515619487
BGR.19_1	3572.684431881485
BMU.3_1	4.813394967925071
RUS.64_1	50319.32717519683
BGR.20_1	3654.912543159215
VNM.51_1	2998.331295534024
SWE.14_1	6990.924015010719
MOZ.9_1	67234.89718011256
BGR.21_1	7107.041594464973
NOR.14_1	18034.5900545373
NGA.34_1	31392.299499531753
GTM.19_1	1129.5333519833637
ETH.9_1	310558.57231632405
VNM.52_1	14618.743574811082
THA.64_1	7461.841261726883
MEX.26_1	179183.0825654048
SLV.13_1	1250.8146473444035
PLW.16_1	1.4177640788805486
MKD.70_1	214.04883383068275
NOR.15_1	18814.164770235187
URY.17_2	9028.804552135185
MDA.31_1	819.5097807206096
PHL.69_1	2020.3535439478721
DZA.40_1	4032.3476417774864
MAR.12_1	71933.93331038095
TUN.20_1	2667.953469416779
BHS.28_1	517.2431857495727
BHS.29_1	963.8688842226829
AUS.8_1	983869.1249268358
TCA.6_1	73.1620252542535
USA.41_1	80163.73636435487
USA.42_1	199304.9471951051
BHS.30_1	230.30947885391618
KOR.10_1	10131.721266708153
AIA.10_1	7.942520902265623
KAZ.12_1	115534.14482853838
IRN.27_1	83074.17077250606
SDN.15_1	138894.40775604645
LBN.8_1	968.0517965220325
BMU.5_1	6.11904203426075
MKD.69_1	319.40015473178636
BWA.15_1	26982.090331940897
RWA.2_1	5818.424579331293
SLE.3_1	19934.741992305328
ZMB.9_1	85011.19701448448
SDN.14_1	78659.80429640069
PNG.19_1	25362.751161522887
PHL.71_1	1733.2053235655364
ETH.10_1	114153.72628538891
NZL.14_1	30454.844276076932
BWA.16_1	54.78668667412758
BHS.14_1	7.825152901446343
HRV.16_1	4200.905087339255
SRB.19_1	3117.7824347495543
SRB.20_1	3426.9458600000335
BES.3_1	19.034720918228864
BLZ.5_1	2458.6425046036943
BGR.22_1	4861.067028662413
RUS.65_1	66721.17127595225
GRC.8_1	15479.005854986408
SWE.15_1	6318.443019344839
KHM.22_1	11364.21081499159
MDA.33_1	768.2590863769245
CZE.12_1	10906.430674658039
MKD.78_1	573.8408291476593
MKD.83_1	281.48140646376896
POL.9_1	18008.47258362931
ROU.36_1	8835.642450750298
GTM.20_1	2307.19856370192
COL.29_2	10885.165929692459
VEN.20_1	10856.838851751514
ECU.22_1	18089.098544016397
CMR.10_1	47451.889727230075
HTI.10_1	2667.6115860579052
NCL.3_1	7312.9784450542065
HTI.9_1	2027.8913757455152
COD.22_1	63440.4738015204
CMR.9_1	24720.370520598866
EGY.27_1	2643.2100044359804
MNG.19_1	82119.92287767783
THA.65_1	7066.710661360596
IDN.25_1	16636.649886958385
IDN.26_1	46805.68571787228
IDN.27_1	60730.32238186891
IDN.28_1	34782.341488498765
IDN.29_1	14866.11525843506
PHL.72_1	4481.154420985972
PHL.73_1	1179.8464749040088
SRB.21_1	2391.3671865749516
IDN.30_1	41654.5595145234
IDN.31_1	84701.43830360228
IDN.32_1	73123.78316751224
UKR.21_1	23421.54501913783
ISL.5_1	24965.350395059788
ISL.6_1	881.6057462789801
THA.66_1	5415.5890503596775
THA.67_1	13447.248306087078
PHL.74_1	2568.094386692805
PHL.75_1	5154.379541022134
THA.68_1	8562.425581578924
UZB.12_1	19416.205681138108
LBY.19_1	46273.81725072185
SJM.2_1	62080.91864393017
KHM.23_1	2744.9242243712383
RUS.66_1	194580.40630381837
MKD.72_1	466.34681058966015
ASM.3_1	1.8665217400114535
POL.13_1	11190.89892640585
DNK.5_1	11878.957264910185
BGD.7_1	11968.857587265155
ARM.9_1	4404.059946086878
HUN.17_1	120.67063510413932
MEX.27_1	24056.313351417844
SAU.13_1	99209.31106336653
VEN.21_1	10238.96984500929
PER.24_1	15928.867837106338
URY.18_2	15945.791298256177
DJI.5_1	6645.705319357351
MAR.13_1	16469.493541685297
VUT.5_1	1627.148323966096
JOR.11_1	2180.966692876315
MRT.11_1	94914.53773665587
NER.6_1	104840.06930594298
TWN.4_1	2223.8754211732303
TWN.5_1	2201.50826105114
TWN.6_1	288.0099295922065
YEM.21_1	10395.574313453457
LBY.20_1	2618.37265164131
THA.69_1	16377.29251758625
SYC.4_1	11.091064981405854
KHM.24_1	3361.1756968491427
AFG.31_1	12214.438875787673
KGZ.8_1	11541.731060402904
DZA.41_1	609370.6450969626
MEX.28_1	79582.83904048605
SEN.12_1	39703.50913213307
RUS.67_1	34458.22701905518
TCD.20_1	17289.45766783898
TZA.27_1	27975.8300889943
MMR.14_1	38459.3014418315
NGA.35_1	60455.64028287795
NZL.15_1	8012.1543885607925
CHL.15_1	41296.68091438958
BGR.23_1	2722.689619408233
BOL.9_1	36650.99253228563
PHL.76_1	3025.9162303034873
CPV.18_1	134.41394537694026
CPV.8_1	106.04191710616261
EST.13_1	3710.625405856617
SYR.14_1	1878.1110574346467
TKM.6_1	73180.47814926828
BTN.19_1	1836.2719999114322
BTN.15_1	2230.7579516997857
UZB.14_1	14928.951002289945
NZL.16_1	9645.046921359657
AUS.9_1	68115.06473837057
TUN.21_1	39711.16500961232
RUS.68_1	67917.10575868869
LTU.7_1	3831.1716844940347
PHL.77_1	780.3785586192581
VNM.53_1	4228.7752476171345
MAR.15_1	22203.508899422483
DZA.42_1	13465.638314707856
IRN.28_1	14414.559842290952
TUR.73_1	6993.8957200857585
NOR.16_1	15204.786755707979
ROU.37_1	5884.777936258068
LTU.8_1	4020.961287723671
BRN.3_1	1298.9366804276904
SLB.9_1	874.9578871252091
USA.43_1	109298.78803978195
UKR.22_1	13983.811103778686
USA.44_1	685340.5559013044
VNM.55_1	1577.701731126644
VNM.56_1	3448.30307026713
VNM.57_1	11002.638052729375
AIA.4_1	6.20121135898462
SEN.13_1	6648.260465172003
BTN.14_1	1894.86574769483
VNM.54_1	4695.940538504965
CHE.20_1	943.3059158225956
DEU.16_1	16067.931788804794
MWI.27_1	1614.094655175223
CHN.27_1	11475.394782391686
DZA.43_1	20277.49502478833
TCD.21_1	119840.11145981935
CHE.21_1	2920.8364270017014
VNM.58_1	2202.0827669400655
ARG.23_1	21079.347518288832
ETH.11_1	49212.842313561974
MLI.9_1	504044.3647694434
ROU.38_1	8855.906063224638
DZA.44_1	152328.8633055661
MNP.4_1	109.96584039923478
DZA.45_1	1973.257981228199
MRT.12_1	257981.537837267
AUT.7_1	12721.883835446153
DZA.46_1	3023.2772082165984
MNE.10_1	32.956815704668045
DZA.47_1	2826.0452165445276
MEX.29_1	3872.542043005512
DZA.48_1	9555.877708418557
BRA.27_1	278973.23895063443
JPN.39_1	6481.980053337013
TUR.74_1	9413.058509019722
TKL.2_1	4.234968297630548
JPN.40_1	4248.243473239636
JPN.41_1	2183.3087522212327
BLZ.6_1	4350.230078096585
COL.30_2	24011.62849263582
GNB.9_1	3142.5081171802076
RUS.69_1	314762.8339893204
TON.4_1	259.68063746540355
BTN.16_1	1805.083255089266
SRB.22_1	2299.656695466397
VUT.6_1	811.7081424816157
GTM.21_1	1303.7118805452928
JPN.42_1	3704.165273635254
MNG.20_1	73291.23626366815
JPN.43_1	4368.655445830778
TUN.22_1	6731.803604242838
VNM.59_1	2013.314865256937
TUR.75_1	5006.387035447833
THA.70_1	4700.619608967235
UKR.23_1	12972.71989727608
MRT.13_1	69075.9522050434
THA.71_1	2609.266399216236
URY.19_2	9590.87958392456
JAM.13_1	911.679215798867
SVK.6_1	4515.003410302749
MYS.16_1	13096.191680401704
LIE.7_1	25.622061226995708
AUT.8_1	21.10297527172947
LKA.24_1	2719.6458927127946
IND.33_1	10745.431479990802
SHN.3_1	152.82941317637395
SVK.7_1	4098.829597483704
NOR.17_1	25718.534151233398
VEN.22_1	8543.6304350168175
ARG.24_1	22832.97336410532
RUS.70_1	25521.35360561304
ROU.39_1	7679.322768569628
PER.25_1	4550.111913279819
TTO.15_1	520.1037431516231
TUR.76_1	7902.599741107796
ECU.16_1	12575.960313330299
BRN.4_1	1081.59872113605
RUS.71_1	169381.78489285219
VNM.60_1	6111.0951923094135
RUS.72_1	84689.82859805346
RUS.73_1	159798.72615909996
THA.72_1	14524.119250179558
PER.26_1	103654.8754898933
RUS.74_1	41980.76995587135
THA.73_1	10868.306802571715
AGO.17_1	62069.60782185809
RUS.75_1	37256.80599054223
KOR.17_1	1035.8050174475418
ARE.7_1	750.557605626196
QAT.7_1	228.65977919383138
MDA.37_1	1094.4169017749023
SSD.6_1	35573.74122198569
GUY.10_1	55359.469977931476
GHA12_2	8599.115520953568
SSD.7_1	76044.25456983768
GMB.5_1	1976.886547856418
GUY.9_1	16497.31522726011
GHA13_2	18518.078759785698
SWE.16_1	7006.328659152297
CHE.22_1	1070.6249237215861
AFG.32_1	11299.45212609564
AFG.6_1	17216.648693126004
TUR.77_1	4447.817389517998
CZE.13_1	5316.557911627848
SLV.14_1	2057.9879056019126
USA.45_1	219762.35183648675
LTU.9_1	7050.642967733883
THA.74_1	6537.009385014559
NLD.11_1	1395.3818360580851
IND.34_1	240261.82427641813
THA.75_1	7610.706502293923
IND.35_1	52521.028200992034
WLF.3_1	75.98511366338491
MNG.22_1	69167.38941955547
LIE.3_1	14.223494430430412
WSM.8_1	119.94219039311982
CAF.17_1	45451.35652925765
CHE.23_1	5298.749476050684
ROU.40_1	5641.219997828148
EST.14_1	2061.080112492865
HND.17_1	1596.4432162439982
COL.31_2	20876.520717488776
CIV.11_1	28312.5284817461
CHL.16_1	16822.99815101323
DOM.32_1	767.2717406244755
TUR.78_1	19472.961497957003
MKD.27_1	133.47136717390157
SWE.17_1	22229.23932695566
BGR.24_1	3924.7822331907882
ROU.41_1	5150.989175786978
SWE.18_1	58733.225503876325
SWE.19_1	22874.990079251056
SWE.20_1	7032.833557364339
SWE.21_1	29474.25411694917
CHE.24_1	3312.153328789234
COL.32_2	51750.11184051985
TON.5_1	131.28794240455676
LKA.25_1	2008.289187119033
ARM.11_1	2380.7762951372624
BGR.25_1	4739.009897813346
MEX.30_1	70966.32055784656
PAN.13_1	11104.544602184482
USA.46_1	24636.67282369102
NOR.18_1	7505.097713611473
ISL.7_1	9598.84740088966
NOR.19_1	2151.89093979316
ISL.8_1	9597.695311279678
HUN.19_1	4791.414574317337
PRT.18_1	2177.5339462303123
COL.33_2	98613.78241238513
AUS.10_1	227944.88007338473
BGR.26_1	3245.3291072069533
LAO.14_1	20138.03977642837
LAO.13_1	3504.8770433579634
LCA.7_1	41.46954626996994
PRT.19_1	4200.9948442624955
EST.15_1	3643.7756283863246
CUB.16_1	8303.171987630838
LTU.10_1	9803.413642230958
VNM.61_1	1393.3944515599435
VNM.62_1	1359.041000057072
UKR.24_1	26666.573219056245
TLS.13_1	1889.0035734791857
HRV.18_1	2087.0426664654547
PRT.20_1	5152.826504659039
BLR.6_1	39911.627690219575
RUS.76_1	29470.16534611246
RUS.77_1	113147.73338944213
RUS.78_1	145880.71936390715
GHA10_2	20002.500435748956
UKR.25_1	19848.29259324487
RUS.79_1	52276.65056880252
EST.16_1	2444.1034980559043
ROU.42_1	4727.069434221458
MKD.56_1	113.62108809898102
BGR.27_1	4410.136480174672
HRV.19_1	2402.1928038170386
CZE.4_1	6958.035042057003
LBY.21_1	32378.83134333243
TCD.23_1	54868.53178184254
NZL.17_1	23965.645849303535
JPN.44_1	4428.587373734851
UMI.9_1	3.9160447209901807
BTN.18_1	4051.1217692592695
SUR.7_1	435.3995243793329
AFG.33_1	10157.748760784141
POL.14_1	24549.160486514986
BMU.8_1	6.780694098693609
USA.48_1	174112.51510280097
IRQ.18_1	17662.046398520946
IRL.23_1	1794.1980510499302
GNQ.7_1	5833.671390864275
NZL.18_1	7875.879401924472
SSD.9_1	87464.25686283053
IND.36_1	86363.19726829496
GMB.6_1	1663.1599712444413
NZL.19_1	22401.29926313991
AIA.5_1	10.44591067709063
SSD.10_1	81287.43714490562
KAZ.13_1	153898.1789558525
PNG.20_1	20586.067125204787
POL.16_1	23652.064604060517
USA.49_1	62735.352656030205
GHA15_2	25118.668315424573
KEN.3_1	8329.218223223026
PNG.22_1	99813.4537412542
RWA.4_1	6058.737064918059
SLB.10_1	5191.775021454667
SLE.4_1	649.8016938079318
ZMB.10_1	128754.08602517325
AUS.11_1	2528141.330591841
ZAF.9_1	129675.58770511788
PNG.21_1	8765.784148932384
IRL.24_1	1862.0848514151573
IRL.25_1	2338.4438464418035
SDN.18_1	38561.50282689641
AUT.9_1	409.9127845227232
PYF.2_1	1157.705818892275
USA.50_1	169359.734352713
GAB.9_1	37883.344303241036
USA.51_1	253484.0260704371
LAO.15_1	16596.82402937339
LAO.17_1	8039.722213201357
LAO.18_1	12400.302025297597
CHN.28_1	1630215.1552492257
CHN.29_1	1129124.7042014038
THA.76_1	4701.6346761436225
TUR.79_1	687.8390273591642
JPN.45_1	9244.49249569879
JPN.46_1	6021.481149430477
RUS.80_1	686468.5938231237
JPN.47_1	4510.081806719354
BGR.28_1	4390.200800330341
MMR.15_1	9717.932700997955
FSM.4_1	94.62571358304182
LKA.9_1	988.2206365204826
VEN.24_1	6161.726683121257
RUS.81_1	35938.181539861434
THA.77_1	4089.0489149221467
IRN.30_1	127564.94073824368
VNM.63_1	6663.132725513442
RUS.82_1	35907.61904643631
NGA.36_1	45947.75493168257
IDN.33_1	3041.030955601548
HND.18_1	7768.8499710408305
TUR.80_1	13764.778034939594
KGZ.9_1	42443.62796480778
MEX.31_1	38385.044852955456
CAN.13_1	484475.8716125454
UGA.58_1	2705.1470420575947
CHN.30_1	385395.81692319165
MNE.21_1	462.0890825520867
AFG.34_1	17129.451741410816
GTM.22_1	2578.016912932185
MEX.32_1	74725.92714281488
HRV.20_1	6068.288123556664
TUN.24_1	2874.3895276330013
AGO.18_1	36334.5980546943
SRB.23_1	3523.362149907519
MOZ.11_1	102775.08769172768
PHL.80_1	1268.619592246767
PHL.79_1	6681.377761076243
PHL.81_1	2403.679194745264
NGA.37_1	34367.26946475755
ECU.24_1	10264.392351532042
IRN.31_1	22205.207081408647
CIV.14_1	37841.5231758199
TZA.29_1	873.1150881744744
SRB.24_1	2356.3885838515625
UKR.26_1	27080.600001258277
JOR.12_1	4210.910774472862
MKD.8_1	195.7002316659031
KAZ.14_1	140874.78553761408
CHN.31_1	101337.3207340661
UKR.27_1	29758.607906272216
SEN.14_1	6988.343048071137
SVK.8_1	6635.374036230956
NER.8_1	146172.75021119867
TUR.81_1	3264.3669766876756
SRB.25_1	6132.632214109071
CZE.14_1	3932.2342645207577
MWI.28_1	3017.8805401560307
BEN.12_1	5087.346343299906
CHE.25_1	238.29579648159884
NLD.14_1	3195.001641988941
VEN.25_1	44976.461318750975
CHE.26_1	1738.6122834247817
